"Airline","Origin","Destination","Delay","Month","Year"
"Delta","DEN","LAX",-44,4,2024
"Delta","DEN","LAX",-34,4,2024
"Delta","DEN","LAX",-36,4,2024
"United","DEN","LAX",-18,4,2024
"United","DEN","LAX",-28,4,2024
"United","DEN","LAX",-15,4,2024
"United","DEN","LAX",-13,4,2024
"United","DEN","LAX",0,4,2024
"United","DEN","LAX",-16,4,2024
"United","DEN","LAX",-5,4,2024
"United","DEN","LAX",-15,4,2024
"United","DEN","LAX",46,4,2024
"Delta","DEN","LAX",-13,4,2024
"Delta","DEN","LAX",-38,4,2024
"Delta","DEN","LAX",-23,4,2024
"United","DEN","LAX",-32,4,2024
"United","DEN","LAX",-31,4,2024
"United","DEN","LAX",-28,4,2024
"United","DEN","LAX",-5,4,2024
"United","DEN","LAX",-25,4,2024
"United","DEN","LAX",-38,4,2024
"United","DEN","LAX",-25,4,2024
"United","DEN","LAX",-20,4,2024
"United","DEN","LAX",-9,4,2024
"Delta","DEN","LAX",-36,4,2024
"Delta","DEN","LAX",-34,4,2024
"Delta","DEN","LAX",-28,4,2024
"United","DEN","LAX",-18,4,2024
"United","DEN","LAX",-24,4,2024
"United","DEN","LAX",-21,4,2024
"United","DEN","LAX",-18,4,2024
"United","DEN","LAX",-19,4,2024
"United","DEN","LAX",-15,4,2024
"United","DEN","LAX",-13,4,2024
"United","DEN","LAX",-13,4,2024
"United","DEN","LAX",-8,4,2024
"Delta","DEN","LAX",-18,4,2024
"Delta","DEN","LAX",-23,4,2024
"Delta","DEN","LAX",93,4,2024
"United","DEN","LAX",-11,4,2024
"United","DEN","LAX",2,4,2024
"United","DEN","LAX",7,4,2024
"United","DEN","LAX",-13,4,2024
"United","DEN","LAX",-10,4,2024
"United","DEN","LAX",0,4,2024
"United","DEN","LAX",6,4,2024
"United","DEN","LAX",13,4,2024
"United","DEN","LAX",188,4,2024
"Delta","DEN","LAX",-15,4,2024
"Delta","DEN","LAX",-6,4,2024
"Delta","DEN","LAX",-6,4,2024
"United","DEN","LAX",-4,4,2024
"United","DEN","LAX",-1,4,2024
"United","DEN","LAX",1,4,2024
"United","DEN","LAX",-1,4,2024
"United","DEN","LAX",5,4,2024
"United","DEN","LAX",26,4,2024
"United","DEN","LAX",17,4,2024
"United","DEN","LAX",8,4,2024
"United","DEN","LAX",193,4,2024
"Delta","DEN","LAX",-35,4,2024
"Delta","DEN","LAX",-10,4,2024
"Delta","DEN","LAX",-4,4,2024
"United","DEN","LAX",-15,4,2024
"United","DEN","LAX",-4,4,2024
"United","DEN","LAX",-10,4,2024
"United","DEN","LAX",-10,4,2024
"United","DEN","LAX",5,4,2024
"United","DEN","LAX",3,4,2024
"United","DEN","LAX",7,4,2024
"United","DEN","LAX",53,4,2024
"United","DEN","LAX",127,4,2024
"Delta","DEN","LAX",-37,4,2024
"Delta","DEN","LAX",-16,4,2024
"Delta","DEN","LAX",-15,4,2024
"United","DEN","LAX",-18,4,2024
"United","DEN","LAX",-6,4,2024
"United","DEN","LAX",-5,4,2024
"United","DEN","LAX",0,4,2024
"United","DEN","LAX",15,4,2024
"United","DEN","LAX",-6,4,2024
"United","DEN","LAX",0,4,2024
"United","DEN","LAX",41,4,2024
"United","DEN","LAX",85,4,2024
"Delta","DEN","LAX",-42,4,2024
"Delta","DEN","LAX",-29,4,2024
"Delta","DEN","LAX",-21,4,2024
"United","DEN","LAX",-29,4,2024
"United","DEN","LAX",-20,4,2024
"United","DEN","LAX",-19,4,2024
"United","DEN","LAX",-10,4,2024
"United","DEN","LAX",-29,4,2024
"United","DEN","LAX",-4,4,2024
"United","DEN","LAX",-21,4,2024
"United","DEN","LAX",-26,4,2024
"United","DEN","LAX",-15,4,2024
"Delta","DEN","LAX",-28,4,2024
"Delta","DEN","LAX",-22,4,2024
"Delta","DEN","LAX",-30,4,2024
"United","DEN","LAX",-28,4,2024
"United","DEN","LAX",-20,4,2024
"United","DEN","LAX",-16,4,2024
"United","DEN","LAX",-19,4,2024
"United","DEN","LAX",-26,4,2024
"United","DEN","LAX",-18,4,2024
"United","DEN","LAX",-13,4,2024
"United","DEN","LAX",-8,4,2024
"United","DEN","LAX",18,4,2024
"Delta","DEN","LAX",-1,4,2024
"Delta","DEN","LAX",-7,4,2024
"Delta","DEN","LAX",175,4,2024
"United","DEN","LAX",-21,4,2024
"United","DEN","LAX",-12,4,2024
"United","DEN","LAX",-8,4,2024
"United","DEN","LAX",-22,4,2024
"United","DEN","LAX",-10,4,2024
"United","DEN","LAX",-17,4,2024
"United","DEN","LAX",-16,4,2024
"United","DEN","LAX",-16,4,2024
"United","DEN","LAX",-12,4,2024
"Delta","DEN","LAX",-20,4,2024
"Delta","DEN","LAX",-17,4,2024
"Delta","DEN","LAX",-7,4,2024
"United","DEN","LAX",-27,4,2024
"United","DEN","LAX",-20,4,2024
"United","DEN","LAX",-13,4,2024
"United","DEN","LAX",-19,4,2024
"United","DEN","LAX",-12,4,2024
"United","DEN","LAX",8,4,2024
"United","DEN","LAX",-3,4,2024
"United","DEN","LAX",16,4,2024
"United","DEN","LAX",65,4,2024
"Delta","DEN","LAX",-2,4,2024
"Delta","DEN","LAX",21,4,2024
"Delta","DEN","LAX",15,4,2024
"United","DEN","LAX",-13,4,2024
"United","DEN","LAX",15,4,2024
"United","DEN","LAX",-1,4,2024
"United","DEN","LAX",-17,4,2024
"United","DEN","LAX",0,4,2024
"United","DEN","LAX",2,4,2024
"United","DEN","LAX",11,4,2024
"United","DEN","LAX",109,4,2024
"United","DEN","LAX",120,4,2024
"Delta","DEN","LAX",1,4,2024
"Delta","DEN","LAX",22,4,2024
"Delta","DEN","LAX",51,4,2024
"United","DEN","LAX",-8,4,2024
"United","DEN","LAX",2,4,2024
"United","DEN","LAX",18,4,2024
"United","DEN","LAX",-5,4,2024
"United","DEN","LAX",3,4,2024
"United","DEN","LAX",12,4,2024
"United","DEN","LAX",31,4,2024
"United","DEN","LAX",37,4,2024
"United","DEN","LAX",52,4,2024
"Delta","DEN","LAX",-7,4,2024
"Delta","DEN","LAX",0,4,2024
"Delta","DEN","LAX",14,4,2024
"United","DEN","LAX",-16,4,2024
"United","DEN","LAX",-3,4,2024
"United","DEN","LAX",1,4,2024
"United","DEN","LAX",1,4,2024
"United","DEN","LAX",12,4,2024
"United","DEN","LAX",10,4,2024
"United","DEN","LAX",10,4,2024
"United","DEN","LAX",18,4,2024
"United","DEN","LAX",219,4,2024
"Delta","DEN","LAX",-4,4,2024
"Delta","DEN","LAX",2,4,2024
"Delta","DEN","LAX",-13,4,2024
"United","DEN","LAX",-16,4,2024
"United","DEN","LAX",-18,4,2024
"United","DEN","LAX",0,4,2024
"United","DEN","LAX",-21,4,2024
"United","DEN","LAX",-11,4,2024
"United","DEN","LAX",-9,4,2024
"United","DEN","LAX",2,4,2024
"United","DEN","LAX",-13,4,2024
"United","DEN","LAX",68,4,2024
"Delta","DEN","LAX",-23,4,2024
"Delta","DEN","LAX",-12,4,2024
"Delta","DEN","LAX",-9,4,2024
"United","DEN","LAX",-22,4,2024
"United","DEN","LAX",-23,4,2024
"United","DEN","LAX",-16,4,2024
"United","DEN","LAX",-21,4,2024
"United","DEN","LAX",-15,4,2024
"United","DEN","LAX",-11,4,2024
"United","DEN","LAX",-19,4,2024
"United","DEN","LAX",24,4,2024
"United","DEN","LAX",18,4,2024
"Delta","DEN","LAX",-24,4,2024
"Delta","DEN","LAX",-18,4,2024
"Delta","DEN","LAX",5,4,2024
"United","DEN","LAX",-22,4,2024
"United","DEN","LAX",-14,4,2024
"United","DEN","LAX",-8,4,2024
"United","DEN","LAX",-8,4,2024
"United","DEN","LAX",-3,4,2024
"United","DEN","LAX",10,4,2024
"United","DEN","LAX",15,4,2024
"United","DEN","LAX",44,4,2024
"Delta","DEN","LAX",-12,4,2024
"Delta","DEN","LAX",9,4,2024
"Delta","DEN","LAX",68,4,2024
"United","DEN","LAX",-20,4,2024
"United","DEN","LAX",66,4,2024
"United","DEN","LAX",23,4,2024
"United","DEN","LAX",11,4,2024
"United","DEN","LAX",1,4,2024
"United","DEN","LAX",18,4,2024
"United","DEN","LAX",33,4,2024
"United","DEN","LAX",77,4,2024
"United","DEN","LAX",58,4,2024
"Delta","DEN","LAX",-15,4,2024
"Delta","DEN","LAX",41,4,2024
"Delta","DEN","LAX",8,4,2024
"United","DEN","LAX",-12,4,2024
"United","DEN","LAX",-17,4,2024
"United","DEN","LAX",-14,4,2024
"United","DEN","LAX",-6,4,2024
"United","DEN","LAX",3,4,2024
"United","DEN","LAX",0,4,2024
"United","DEN","LAX",-3,4,2024
"United","DEN","LAX",37,4,2024
"United","DEN","LAX",73,4,2024
"Delta","DEN","LAX",11,4,2024
"Delta","DEN","LAX",11,4,2024
"Delta","DEN","LAX",-10,4,2024
"United","DEN","LAX",4,4,2024
"United","DEN","LAX",17,4,2024
"United","DEN","LAX",28,4,2024
"United","DEN","LAX",-5,4,2024
"United","DEN","LAX",6,4,2024
"United","DEN","LAX",-2,4,2024
"United","DEN","LAX",39,4,2024
"United","DEN","LAX",5,4,2024
"United","DEN","LAX",67,4,2024
"Delta","DEN","LAX",-14,4,2024
"Delta","DEN","LAX",-16,4,2024
"Delta","DEN","LAX",18,4,2024
"United","DEN","LAX",-11,4,2024
"United","DEN","LAX",9,4,2024
"United","DEN","LAX",-15,4,2024
"United","DEN","LAX",-6,4,2024
"United","DEN","LAX",4,4,2024
"United","DEN","LAX",-9,4,2024
"United","DEN","LAX",12,4,2024
"United","DEN","LAX",-1,4,2024
"United","DEN","LAX",10,4,2024
"Delta","DEN","LAX",-20,4,2024
"Delta","DEN","LAX",-18,4,2024
"Delta","DEN","LAX",174,4,2024
"United","DEN","LAX",-27,4,2024
"United","DEN","LAX",-9,4,2024
"United","DEN","LAX",-9,4,2024
"United","DEN","LAX",-9,4,2024
"United","DEN","LAX",-10,4,2024
"United","DEN","LAX",-4,4,2024
"United","DEN","LAX",9,4,2024
"United","DEN","LAX",22,4,2024
"United","DEN","LAX",39,4,2024
"Delta","DEN","LAX",-8,4,2024
"Delta","DEN","LAX",-17,4,2024
"Delta","DEN","LAX",-7,4,2024
"United","DEN","LAX",-20,4,2024
"United","DEN","LAX",-3,4,2024
"United","DEN","LAX",-1,4,2024
"United","DEN","LAX",-13,4,2024
"United","DEN","LAX",-11,4,2024
"United","DEN","LAX",-8,4,2024
"United","DEN","LAX",-8,4,2024
"United","DEN","LAX",3,4,2024
"United","DEN","LAX",106,4,2024
"Delta","DEN","LAX",-11,4,2024
"Delta","DEN","LAX",14,4,2024
"Delta","DEN","LAX",-8,4,2024
"United","DEN","LAX",-7,4,2024
"United","DEN","LAX",-15,4,2024
"United","DEN","LAX",-10,4,2024
"United","DEN","LAX",-10,4,2024
"United","DEN","LAX",2,4,2024
"United","DEN","LAX",-3,4,2024
"United","DEN","LAX",-9,4,2024
"United","DEN","LAX",-7,4,2024
"United","DEN","LAX",222,4,2024
"Delta","DEN","LAX",-23,4,2024
"Delta","DEN","LAX",-8,4,2024
"Delta","DEN","LAX",-11,4,2024
"United","DEN","LAX",-3,4,2024
"United","DEN","LAX",-15,4,2024
"United","DEN","LAX",-15,4,2024
"United","DEN","LAX",-18,4,2024
"United","DEN","LAX",-19,4,2024
"United","DEN","LAX",-15,4,2024
"United","DEN","LAX",5,4,2024
"United","DEN","LAX",26,4,2024
"United","DEN","LAX",140,4,2024
"Delta","DEN","LAX",0,4,2024
"Delta","DEN","LAX",-3,4,2024
"Delta","DEN","LAX",0,4,2024
"United","DEN","LAX",-9,4,2024
"United","DEN","LAX",-3,4,2024
"United","DEN","LAX",-3,4,2024
"United","DEN","LAX",-2,4,2024
"United","DEN","LAX",8,4,2024
"United","DEN","LAX",-3,4,2024
"United","DEN","LAX",-5,4,2024
"United","DEN","LAX",-2,4,2024
"United","DEN","LAX",10,4,2024
"Delta","DEN","LAX",-40,4,2024
"Delta","DEN","LAX",-27,4,2024
"Delta","DEN","LAX",-1,4,2024
"United","DEN","LAX",-25,4,2024
"United","DEN","LAX",-18,4,2024
"United","DEN","LAX",-24,4,2024
"United","DEN","LAX",-9,4,2024
"United","DEN","LAX",6,4,2024
"United","DEN","LAX",6,4,2024
"United","DEN","LAX",29,4,2024
"United","DEN","LAX",25,4,2024
"United","DEN","LAX",90,4,2024
"Delta","DEN","LAX",-11,4,2024
"Delta","DEN","LAX",-7,4,2024
"Delta","DEN","LAX",-13,4,2024
"United","DEN","LAX",-25,4,2024
"United","DEN","LAX",-19,4,2024
"United","DEN","LAX",-22,4,2024
"United","DEN","LAX",-13,4,2024
"United","DEN","LAX",-9,4,2024
"United","DEN","LAX",-16,4,2024
"United","DEN","LAX",-3,4,2024
"United","DEN","LAX",-7,4,2024
"United","DEN","LAX",-3,4,2024
"Delta","DEN","LAX",-17,4,2024
"Delta","DEN","LAX",-4,4,2024
"Delta","DEN","LAX",-6,4,2024
"United","DEN","LAX",-16,4,2024
"United","DEN","LAX",2,4,2024
"United","DEN","LAX",-20,4,2024
"United","DEN","LAX",-14,4,2024
"United","DEN","LAX",2,4,2024
"United","DEN","LAX",-14,4,2024
"United","DEN","LAX",-13,4,2024
"United","DEN","LAX",-5,4,2024
"United","DEN","LAX",8,4,2024
"Delta","DEN","LAX",-22,4,2024
"Delta","DEN","LAX",-11,4,2024
"Delta","DEN","LAX",-10,4,2024
"United","DEN","LAX",-17,4,2024
"United","DEN","LAX",-11,4,2024
"United","DEN","LAX",0,4,2024
"United","DEN","LAX",-9,4,2024
"United","DEN","LAX",8,4,2024
"United","DEN","LAX",-4,4,2024
"United","DEN","LAX",2,4,2024
"United","DEN","LAX",2,4,2024
"United","DEN","LAX",56,4,2024
"Delta","DEN","LAX",-24,8,2024
"Delta","DEN","LAX",-27,8,2024
"Delta","DEN","LAX",-6,8,2024
"United","DEN","LAX",-18,8,2024
"United","DEN","LAX",-13,8,2024
"United","DEN","LAX",-13,8,2024
"United","DEN","LAX",-12,8,2024
"United","DEN","LAX",-16,8,2024
"United","DEN","LAX",-4,8,2024
"United","DEN","LAX",9,8,2024
"United","DEN","LAX",39,8,2024
"Delta","DEN","LAX",-16,8,2024
"Delta","DEN","LAX",0,8,2024
"Delta","DEN","LAX",33,8,2024
"United","DEN","LAX",-18,8,2024
"United","DEN","LAX",-9,8,2024
"United","DEN","LAX",-14,8,2024
"United","DEN","LAX",-13,8,2024
"United","DEN","LAX",23,8,2024
"United","DEN","LAX",-8,8,2024
"United","DEN","LAX",-5,8,2024
"United","DEN","LAX",87,8,2024
"United","DEN","LAX",119,8,2024
"Delta","DEN","LAX",-22,8,2024
"Delta","DEN","LAX",-27,8,2024
"Delta","DEN","LAX",-23,8,2024
"United","DEN","LAX",-19,8,2024
"United","DEN","LAX",-4,8,2024
"United","DEN","LAX",-14,8,2024
"United","DEN","LAX",-9,8,2024
"United","DEN","LAX",1,8,2024
"United","DEN","LAX",-14,8,2024
"United","DEN","LAX",-7,8,2024
"United","DEN","LAX",35,8,2024
"Delta","DEN","LAX",-10,8,2024
"Delta","DEN","LAX",23,8,2024
"Delta","DEN","LAX",13,8,2024
"United","DEN","LAX",-10,8,2024
"United","DEN","LAX",4,8,2024
"United","DEN","LAX",-5,8,2024
"United","DEN","LAX",26,8,2024
"United","DEN","LAX",-2,8,2024
"United","DEN","LAX",12,8,2024
"United","DEN","LAX",29,8,2024
"United","DEN","LAX",36,8,2024
"United","DEN","LAX",836,8,2024
"Delta","DEN","LAX",1,8,2024
"Delta","DEN","LAX",23,8,2024
"Delta","DEN","LAX",78,8,2024
"United","DEN","LAX",-13,8,2024
"United","DEN","LAX",4,8,2024
"United","DEN","LAX",-8,8,2024
"United","DEN","LAX",-13,8,2024
"United","DEN","LAX",36,8,2024
"United","DEN","LAX",33,8,2024
"United","DEN","LAX",43,8,2024
"United","DEN","LAX",72,8,2024
"United","DEN","LAX",132,8,2024
"Delta","DEN","LAX",3,8,2024
"Delta","DEN","LAX",13,8,2024
"Delta","DEN","LAX",47,8,2024
"United","DEN","LAX",-10,8,2024
"United","DEN","LAX",-17,8,2024
"United","DEN","LAX",-3,8,2024
"United","DEN","LAX",11,8,2024
"United","DEN","LAX",11,8,2024
"United","DEN","LAX",52,8,2024
"United","DEN","LAX",114,8,2024
"United","DEN","LAX",199,8,2024
"United","DEN","LAX",250,8,2024
"Delta","DEN","LAX",-9,8,2024
"Delta","DEN","LAX",24,8,2024
"Delta","DEN","LAX",409,8,2024
"United","DEN","LAX",-2,8,2024
"United","DEN","LAX",-9,8,2024
"United","DEN","LAX",-17,8,2024
"United","DEN","LAX",-11,8,2024
"United","DEN","LAX",17,8,2024
"United","DEN","LAX",22,8,2024
"United","DEN","LAX",25,8,2024
"United","DEN","LAX",99,8,2024
"United","DEN","LAX",100,8,2024
"Delta","DEN","LAX",-15,8,2024
"Delta","DEN","LAX",-18,8,2024
"Delta","DEN","LAX",19,8,2024
"United","DEN","LAX",-17,8,2024
"United","DEN","LAX",-18,8,2024
"United","DEN","LAX",-12,8,2024
"United","DEN","LAX",-13,8,2024
"United","DEN","LAX",-2,8,2024
"United","DEN","LAX",43,8,2024
"United","DEN","LAX",59,8,2024
"United","DEN","LAX",66,8,2024
"United","DEN","LAX",226,8,2024
"Delta","DEN","LAX",3,8,2024
"Delta","DEN","LAX",-8,8,2024
"Delta","DEN","LAX",34,8,2024
"United","DEN","LAX",-9,8,2024
"United","DEN","LAX",-15,8,2024
"United","DEN","LAX",-14,8,2024
"United","DEN","LAX",-5,8,2024
"United","DEN","LAX",-15,8,2024
"United","DEN","LAX",-2,8,2024
"United","DEN","LAX",3,8,2024
"United","DEN","LAX",8,8,2024
"United","DEN","LAX",29,8,2024
"Delta","DEN","LAX",-23,8,2024
"Delta","DEN","LAX",-15,8,2024
"Delta","DEN","LAX",-17,8,2024
"United","DEN","LAX",-20,8,2024
"United","DEN","LAX",-17,8,2024
"United","DEN","LAX",-16,8,2024
"United","DEN","LAX",-7,8,2024
"United","DEN","LAX",-4,8,2024
"United","DEN","LAX",5,8,2024
"United","DEN","LAX",83,8,2024
"United","DEN","LAX",101,8,2024
"Delta","DEN","LAX",-21,8,2024
"Delta","DEN","LAX",-1,8,2024
"Delta","DEN","LAX",3,8,2024
"United","DEN","LAX",-21,8,2024
"United","DEN","LAX",-11,8,2024
"United","DEN","LAX",-7,8,2024
"United","DEN","LAX",4,8,2024
"United","DEN","LAX",-10,8,2024
"United","DEN","LAX",-3,8,2024
"United","DEN","LAX",0,8,2024
"United","DEN","LAX",-6,8,2024
"Delta","DEN","LAX",-19,8,2024
"Delta","DEN","LAX",-16,8,2024
"Delta","DEN","LAX",93,8,2024
"United","DEN","LAX",-18,8,2024
"United","DEN","LAX",-15,8,2024
"United","DEN","LAX",-12,8,2024
"United","DEN","LAX",-10,8,2024
"United","DEN","LAX",9,8,2024
"United","DEN","LAX",2,8,2024
"United","DEN","LAX",76,8,2024
"United","DEN","LAX",134,8,2024
"United","DEN","LAX",246,8,2024
"Delta","DEN","LAX",-21,8,2024
"Delta","DEN","LAX",-3,8,2024
"Delta","DEN","LAX",128,8,2024
"United","DEN","LAX",-12,8,2024
"United","DEN","LAX",-10,8,2024
"United","DEN","LAX",-2,8,2024
"United","DEN","LAX",12,8,2024
"United","DEN","LAX",0,8,2024
"United","DEN","LAX",9,8,2024
"United","DEN","LAX",8,8,2024
"United","DEN","LAX",72,8,2024
"Delta","DEN","LAX",-24,8,2024
"Delta","DEN","LAX",-18,8,2024
"Delta","DEN","LAX",33,8,2024
"United","DEN","LAX",-19,8,2024
"United","DEN","LAX",-13,8,2024
"United","DEN","LAX",-17,8,2024
"United","DEN","LAX",-12,8,2024
"United","DEN","LAX",3,8,2024
"United","DEN","LAX",42,8,2024
"United","DEN","LAX",62,8,2024
"United","DEN","LAX",197,8,2024
"Delta","DEN","LAX",17,8,2024
"Delta","DEN","LAX",-9,8,2024
"Delta","DEN","LAX",20,8,2024
"United","DEN","LAX",-16,8,2024
"United","DEN","LAX",-7,8,2024
"United","DEN","LAX",23,8,2024
"United","DEN","LAX",-17,8,2024
"United","DEN","LAX",-5,8,2024
"United","DEN","LAX",2,8,2024
"United","DEN","LAX",-4,8,2024
"United","DEN","LAX",-7,8,2024
"Delta","DEN","LAX",-12,8,2024
"Delta","DEN","LAX",-16,8,2024
"Delta","DEN","LAX",48,8,2024
"United","DEN","LAX",-15,8,2024
"United","DEN","LAX",-11,8,2024
"United","DEN","LAX",-16,8,2024
"United","DEN","LAX",-2,8,2024
"United","DEN","LAX",25,8,2024
"United","DEN","LAX",-2,8,2024
"United","DEN","LAX",-3,8,2024
"United","DEN","LAX",5,8,2024
"United","DEN","LAX",121,8,2024
"Delta","DEN","LAX",-20,8,2024
"Delta","DEN","LAX",-18,8,2024
"Delta","DEN","LAX",13,8,2024
"United","DEN","LAX",-20,8,2024
"United","DEN","LAX",-13,8,2024
"United","DEN","LAX",-7,8,2024
"United","DEN","LAX",-8,8,2024
"United","DEN","LAX",-1,8,2024
"United","DEN","LAX",1,8,2024
"United","DEN","LAX",12,8,2024
"United","DEN","LAX",38,8,2024
"Delta","DEN","LAX",-9,8,2024
"Delta","DEN","LAX",12,8,2024
"Delta","DEN","LAX",29,8,2024
"United","DEN","LAX",-13,8,2024
"United","DEN","LAX",-5,8,2024
"United","DEN","LAX",-8,8,2024
"United","DEN","LAX",-3,8,2024
"United","DEN","LAX",2,8,2024
"United","DEN","LAX",4,8,2024
"United","DEN","LAX",2,8,2024
"United","DEN","LAX",12,8,2024
"United","DEN","LAX",42,8,2024
"United","DEN","LAX",67,8,2024
"Delta","DEN","LAX",-18,8,2024
"Delta","DEN","LAX",-13,8,2024
"Delta","DEN","LAX",216,8,2024
"United","DEN","LAX",-9,8,2024
"United","DEN","LAX",-16,8,2024
"United","DEN","LAX",-6,8,2024
"United","DEN","LAX",-2,8,2024
"United","DEN","LAX",2,8,2024
"United","DEN","LAX",30,8,2024
"United","DEN","LAX",15,8,2024
"United","DEN","LAX",111,8,2024
"United","DEN","LAX",133,8,2024
"Delta","DEN","LAX",-13,8,2024
"Delta","DEN","LAX",-18,8,2024
"Delta","DEN","LAX",-13,8,2024
"United","DEN","LAX",-16,8,2024
"United","DEN","LAX",-5,8,2024
"United","DEN","LAX",-9,8,2024
"United","DEN","LAX",-8,8,2024
"United","DEN","LAX",-14,8,2024
"United","DEN","LAX",18,8,2024
"United","DEN","LAX",-12,8,2024
"United","DEN","LAX",-3,8,2024
"United","DEN","LAX",40,8,2024
"Delta","DEN","LAX",-2,8,2024
"Delta","DEN","LAX",0,8,2024
"Delta","DEN","LAX",163,8,2024
"United","DEN","LAX",-20,8,2024
"United","DEN","LAX",-17,8,2024
"United","DEN","LAX",-18,8,2024
"United","DEN","LAX",-8,8,2024
"United","DEN","LAX",-10,8,2024
"United","DEN","LAX",-11,8,2024
"United","DEN","LAX",76,8,2024
"United","DEN","LAX",16,8,2024
"United","DEN","LAX",72,8,2024
"Delta","DEN","LAX",-15,8,2024
"Delta","DEN","LAX",-12,8,2024
"Delta","DEN","LAX",-6,8,2024
"United","DEN","LAX",-9,8,2024
"United","DEN","LAX",-14,8,2024
"United","DEN","LAX",-12,8,2024
"United","DEN","LAX",-11,8,2024
"United","DEN","LAX",11,8,2024
"United","DEN","LAX",-12,8,2024
"United","DEN","LAX",1,8,2024
"United","DEN","LAX",7,8,2024
"United","DEN","LAX",13,8,2024
"Delta","DEN","LAX",-2,8,2024
"Delta","DEN","LAX",-14,8,2024
"Delta","DEN","LAX",-2,8,2024
"United","DEN","LAX",-19,8,2024
"United","DEN","LAX",-15,8,2024
"United","DEN","LAX",-13,8,2024
"United","DEN","LAX",-13,8,2024
"United","DEN","LAX",-2,8,2024
"United","DEN","LAX",-6,8,2024
"United","DEN","LAX",8,8,2024
"United","DEN","LAX",19,8,2024
"United","DEN","LAX",40,8,2024
"Delta","DEN","LAX",-12,8,2024
"Delta","DEN","LAX",-21,8,2024
"Delta","DEN","LAX",-18,8,2024
"United","DEN","LAX",-15,8,2024
"United","DEN","LAX",8,8,2024
"United","DEN","LAX",-1,8,2024
"United","DEN","LAX",0,8,2024
"United","DEN","LAX",0,8,2024
"United","DEN","LAX",4,8,2024
"United","DEN","LAX",0,8,2024
"United","DEN","LAX",16,8,2024
"United","DEN","LAX",38,8,2024
"Delta","DEN","LAX",-6,8,2024
"Delta","DEN","LAX",-1,8,2024
"Delta","DEN","LAX",65,8,2024
"United","DEN","LAX",-9,8,2024
"United","DEN","LAX",1,8,2024
"United","DEN","LAX",-10,8,2024
"United","DEN","LAX",-6,8,2024
"United","DEN","LAX",11,8,2024
"United","DEN","LAX",-4,8,2024
"United","DEN","LAX",-3,8,2024
"United","DEN","LAX",12,8,2024
"United","DEN","LAX",25,8,2024
"Delta","DEN","LAX",-6,8,2024
"Delta","DEN","LAX",-4,8,2024
"Delta","DEN","LAX",-16,8,2024
"United","DEN","LAX",-20,8,2024
"United","DEN","LAX",-12,8,2024
"United","DEN","LAX",0,8,2024
"United","DEN","LAX",-12,8,2024
"United","DEN","LAX",0,8,2024
"United","DEN","LAX",-5,8,2024
"United","DEN","LAX",3,8,2024
"United","DEN","LAX",31,8,2024
"United","DEN","LAX",73,8,2024
"Delta","DEN","LAX",2,8,2024
"Delta","DEN","LAX",-21,8,2024
"Delta","DEN","LAX",-14,8,2024
"United","DEN","LAX",-19,8,2024
"United","DEN","LAX",-25,8,2024
"United","DEN","LAX",-19,8,2024
"United","DEN","LAX",-25,8,2024
"United","DEN","LAX",-24,8,2024
"United","DEN","LAX",-19,8,2024
"United","DEN","LAX",-16,8,2024
"United","DEN","LAX",2,8,2024
"United","DEN","LAX",11,8,2024
"Delta","DEN","LAX",-30,8,2024
"Delta","DEN","LAX",-23,8,2024
"Delta","DEN","LAX",-10,8,2024
"United","DEN","LAX",-13,8,2024
"United","DEN","LAX",-6,8,2024
"United","DEN","LAX",-26,8,2024
"United","DEN","LAX",-8,8,2024
"United","DEN","LAX",-16,8,2024
"United","DEN","LAX",-8,8,2024
"United","DEN","LAX",3,8,2024
"United","DEN","LAX",21,8,2024
"United","DEN","LAX",81,8,2024
"Delta","DEN","LAX",-20,8,2024
"Delta","DEN","LAX",-16,8,2024
"Delta","DEN","LAX",7,8,2024
"United","DEN","LAX",-26,8,2024
"United","DEN","LAX",-16,8,2024
"United","DEN","LAX",-12,8,2024
"United","DEN","LAX",3,8,2024
"United","DEN","LAX",-17,8,2024
"United","DEN","LAX",-9,8,2024
"United","DEN","LAX",-7,8,2024
"United","DEN","LAX",13,8,2024
"United","DEN","LAX",70,8,2024
"Delta","DEN","LAX",-33,8,2024
"Delta","DEN","LAX",-27,8,2024
"Delta","DEN","LAX",-3,8,2024
"United","DEN","LAX",-22,8,2024
"United","DEN","LAX",-17,8,2024
"United","DEN","LAX",-15,8,2024
"United","DEN","LAX",-17,8,2024
"United","DEN","LAX",-11,8,2024
"United","DEN","LAX",-10,8,2024
"United","DEN","LAX",-19,8,2024
"United","DEN","LAX",-15,8,2024
"United","DEN","LAX",57,8,2024
"Delta","DEN","LAX",-22,8,2024
"Delta","DEN","LAX",-17,8,2024
"Delta","DEN","LAX",-20,8,2024
"United","DEN","LAX",-25,8,2024
"United","DEN","LAX",-23,8,2024
"United","DEN","LAX",-19,8,2024
"United","DEN","LAX",-17,8,2024
"United","DEN","LAX",-11,8,2024
"United","DEN","LAX",-8,8,2024
"United","DEN","LAX",-1,8,2024
"United","DEN","LAX",8,8,2024
"United","DEN","LAX",2,8,2024
"Delta","DEN","LAX",-25,12,2024
"Delta","DEN","LAX",-19,12,2024
"Delta","DEN","LAX",95,12,2024
"United","DEN","LAX",-20,12,2024
"United","DEN","LAX",-10,12,2024
"United","DEN","LAX",-16,12,2024
"United","DEN","LAX",-7,12,2024
"United","DEN","LAX",-13,12,2024
"United","DEN","LAX",-3,12,2024
"United","DEN","LAX",-6,12,2024
"United","DEN","LAX",-1,12,2024
"United","DEN","LAX",-7,12,2024
"United","DEN","LAX",26,12,2024
"Delta","DEN","LAX",-2,12,2024
"Delta","DEN","LAX",-7,12,2024
"Delta","DEN","LAX",5,12,2024
"United","DEN","LAX",-17,12,2024
"United","DEN","LAX",-13,12,2024
"United","DEN","LAX",-17,12,2024
"United","DEN","LAX",-12,12,2024
"United","DEN","LAX",-15,12,2024
"United","DEN","LAX",-3,12,2024
"United","DEN","LAX",-13,12,2024
"United","DEN","LAX",2,12,2024
"United","DEN","LAX",21,12,2024
"Delta","DEN","LAX",-18,12,2024
"Delta","DEN","LAX",-31,12,2024
"Delta","DEN","LAX",38,12,2024
"United","DEN","LAX",-15,12,2024
"United","DEN","LAX",-27,12,2024
"United","DEN","LAX",-22,12,2024
"United","DEN","LAX",-24,12,2024
"United","DEN","LAX",-14,12,2024
"United","DEN","LAX",-18,12,2024
"United","DEN","LAX",-14,12,2024
"United","DEN","LAX",-19,12,2024
"United","DEN","LAX",-15,12,2024
"Delta","DEN","LAX",-32,12,2024
"Delta","DEN","LAX",-25,12,2024
"Delta","DEN","LAX",-6,12,2024
"United","DEN","LAX",-10,12,2024
"United","DEN","LAX",-22,12,2024
"United","DEN","LAX",-29,12,2024
"United","DEN","LAX",-26,12,2024
"United","DEN","LAX",12,12,2024
"United","DEN","LAX",-29,12,2024
"United","DEN","LAX",-21,12,2024
"United","DEN","LAX",-15,12,2024
"United","DEN","LAX",-16,12,2024
"Delta","DEN","LAX",-20,12,2024
"Delta","DEN","LAX",-20,12,2024
"Delta","DEN","LAX",102,12,2024
"United","DEN","LAX",-38,12,2024
"United","DEN","LAX",-28,12,2024
"United","DEN","LAX",-29,12,2024
"United","DEN","LAX",-22,12,2024
"United","DEN","LAX",-17,12,2024
"United","DEN","LAX",-29,12,2024
"United","DEN","LAX",-17,12,2024
"United","DEN","LAX",-23,12,2024
"United","DEN","LAX",141,12,2024
"Delta","DEN","LAX",-29,12,2024
"Delta","DEN","LAX",-27,12,2024
"Delta","DEN","LAX",-16,12,2024
"United","DEN","LAX",-36,12,2024
"United","DEN","LAX",-3,12,2024
"United","DEN","LAX",13,12,2024
"United","DEN","LAX",-27,12,2024
"United","DEN","LAX",-27,12,2024
"United","DEN","LAX",-8,12,2024
"United","DEN","LAX",46,12,2024
"United","DEN","LAX",47,12,2024
"United","DEN","LAX",40,12,2024
"Delta","DEN","LAX",-43,12,2024
"Delta","DEN","LAX",-33,12,2024
"Delta","DEN","LAX",-13,12,2024
"United","DEN","LAX",-22,12,2024
"United","DEN","LAX",-10,12,2024
"United","DEN","LAX",-32,12,2024
"United","DEN","LAX",-25,12,2024
"United","DEN","LAX",-34,12,2024
"United","DEN","LAX",-14,12,2024
"United","DEN","LAX",-13,12,2024
"United","DEN","LAX",-11,12,2024
"United","DEN","LAX",47,12,2024
"Delta","DEN","LAX",-22,12,2024
"Delta","DEN","LAX",-22,12,2024
"Delta","DEN","LAX",2,12,2024
"United","DEN","LAX",-19,12,2024
"United","DEN","LAX",0,12,2024
"United","DEN","LAX",-21,12,2024
"United","DEN","LAX",7,12,2024
"United","DEN","LAX",-5,12,2024
"United","DEN","LAX",-13,12,2024
"United","DEN","LAX",-5,12,2024
"United","DEN","LAX",1,12,2024
"United","DEN","LAX",-9,12,2024
"Delta","DEN","LAX",-20,12,2024
"Delta","DEN","LAX",-17,12,2024
"Delta","DEN","LAX",27,12,2024
"United","DEN","LAX",-8,12,2024
"United","DEN","LAX",-11,12,2024
"United","DEN","LAX",-14,12,2024
"United","DEN","LAX",-13,12,2024
"United","DEN","LAX",-11,12,2024
"United","DEN","LAX",-18,12,2024
"United","DEN","LAX",-3,12,2024
"United","DEN","LAX",-4,12,2024
"United","DEN","LAX",-8,12,2024
"Delta","DEN","LAX",-34,12,2024
"Delta","DEN","LAX",-20,12,2024
"Delta","DEN","LAX",0,12,2024
"United","DEN","LAX",-23,12,2024
"United","DEN","LAX",-11,12,2024
"United","DEN","LAX",-22,12,2024
"United","DEN","LAX",-23,12,2024
"United","DEN","LAX",-18,12,2024
"United","DEN","LAX",-8,12,2024
"United","DEN","LAX",-7,12,2024
"United","DEN","LAX",-2,12,2024
"United","DEN","LAX",38,12,2024
"Delta","DEN","LAX",-27,12,2024
"Delta","DEN","LAX",-22,12,2024
"Delta","DEN","LAX",-16,12,2024
"United","DEN","LAX",-15,12,2024
"United","DEN","LAX",-15,12,2024
"United","DEN","LAX",-20,12,2024
"United","DEN","LAX",-6,12,2024
"United","DEN","LAX",-11,12,2024
"United","DEN","LAX",1,12,2024
"United","DEN","LAX",4,12,2024
"United","DEN","LAX",2,12,2024
"United","DEN","LAX",9,12,2024
"Delta","DEN","LAX",-11,12,2024
"Delta","DEN","LAX",-11,12,2024
"Delta","DEN","LAX",12,12,2024
"United","DEN","LAX",-12,12,2024
"United","DEN","LAX",-24,12,2024
"United","DEN","LAX",-4,12,2024
"United","DEN","LAX",-6,12,2024
"United","DEN","LAX",-1,12,2024
"United","DEN","LAX",-7,12,2024
"United","DEN","LAX",2,12,2024
"United","DEN","LAX",5,12,2024
"United","DEN","LAX",1,12,2024
"Delta","DEN","LAX",-32,12,2024
"Delta","DEN","LAX",5,12,2024
"Delta","DEN","LAX",1,12,2024
"United","DEN","LAX",-10,12,2024
"United","DEN","LAX",-12,12,2024
"United","DEN","LAX",-18,12,2024
"United","DEN","LAX",-10,12,2024
"United","DEN","LAX",-20,12,2024
"United","DEN","LAX",-18,12,2024
"United","DEN","LAX",-7,12,2024
"United","DEN","LAX",-11,12,2024
"United","DEN","LAX",-10,12,2024
"Delta","DEN","LAX",-23,12,2024
"Delta","DEN","LAX",-22,12,2024
"Delta","DEN","LAX",-22,12,2024
"United","DEN","LAX",-4,12,2024
"United","DEN","LAX",-11,12,2024
"United","DEN","LAX",-4,12,2024
"United","DEN","LAX",-1,12,2024
"United","DEN","LAX",-16,12,2024
"United","DEN","LAX",1,12,2024
"United","DEN","LAX",4,12,2024
"United","DEN","LAX",9,12,2024
"United","DEN","LAX",7,12,2024
"Delta","DEN","LAX",-29,12,2024
"Delta","DEN","LAX",-24,12,2024
"Delta","DEN","LAX",-26,12,2024
"United","DEN","LAX",-21,12,2024
"United","DEN","LAX",-9,12,2024
"United","DEN","LAX",-13,12,2024
"United","DEN","LAX",-11,12,2024
"United","DEN","LAX",-9,12,2024
"United","DEN","LAX",-10,12,2024
"United","DEN","LAX",-5,12,2024
"United","DEN","LAX",1,12,2024
"United","DEN","LAX",21,12,2024
"Delta","DEN","LAX",-16,12,2024
"Delta","DEN","LAX",-20,12,2024
"Delta","DEN","LAX",-11,12,2024
"United","DEN","LAX",-16,12,2024
"United","DEN","LAX",-21,12,2024
"United","DEN","LAX",-3,12,2024
"United","DEN","LAX",-9,12,2024
"United","DEN","LAX",-12,12,2024
"United","DEN","LAX",3,12,2024
"United","DEN","LAX",6,12,2024
"United","DEN","LAX",7,12,2024
"United","DEN","LAX",6,12,2024
"Delta","DEN","LAX",-28,12,2024
"Delta","DEN","LAX",-23,12,2024
"Delta","DEN","LAX",-26,12,2024
"United","DEN","LAX",-28,12,2024
"United","DEN","LAX",-15,12,2024
"United","DEN","LAX",-8,12,2024
"United","DEN","LAX",-22,12,2024
"United","DEN","LAX",-5,12,2024
"United","DEN","LAX",-12,12,2024
"United","DEN","LAX",-9,12,2024
"United","DEN","LAX",-2,12,2024
"United","DEN","LAX",44,12,2024
"Delta","DEN","LAX",-25,12,2024
"Delta","DEN","LAX",-1,12,2024
"Delta","DEN","LAX",11,12,2024
"United","DEN","LAX",-25,12,2024
"United","DEN","LAX",-13,12,2024
"United","DEN","LAX",5,12,2024
"United","DEN","LAX",-10,12,2024
"United","DEN","LAX",3,12,2024
"United","DEN","LAX",-1,12,2024
"United","DEN","LAX",8,12,2024
"United","DEN","LAX",-2,12,2024
"United","DEN","LAX",11,12,2024
"Delta","DEN","LAX",-35,12,2024
"Delta","DEN","LAX",-32,12,2024
"Delta","DEN","LAX",-12,12,2024
"United","DEN","LAX",16,12,2024
"United","DEN","LAX",27,12,2024
"United","DEN","LAX",-27,12,2024
"United","DEN","LAX",-6,12,2024
"United","DEN","LAX",-20,12,2024
"United","DEN","LAX",-17,12,2024
"United","DEN","LAX",8,12,2024
"United","DEN","LAX",-12,12,2024
"United","DEN","LAX",109,12,2024
"Delta","DEN","LAX",-32,12,2024
"Delta","DEN","LAX",-17,12,2024
"Delta","DEN","LAX",-10,12,2024
"United","DEN","LAX",22,12,2024
"United","DEN","LAX",-6,12,2024
"United","DEN","LAX",-25,12,2024
"United","DEN","LAX",-9,12,2024
"United","DEN","LAX",-8,12,2024
"United","DEN","LAX",-5,12,2024
"United","DEN","LAX",-6,12,2024
"United","DEN","LAX",30,12,2024
"United","DEN","LAX",17,12,2024
"Delta","DEN","LAX",3,12,2024
"Delta","DEN","LAX",150,12,2024
"United","DEN","LAX",-17,12,2024
"United","DEN","LAX",-17,12,2024
"United","DEN","LAX",-1,12,2024
"United","DEN","LAX",-30,12,2024
"United","DEN","LAX",-15,12,2024
"United","DEN","LAX",-6,12,2024
"United","DEN","LAX",-11,12,2024
"United","DEN","LAX",-5,12,2024
"United","DEN","LAX",17,12,2024
"Delta","DEN","LAX",-17,12,2024
"Delta","DEN","LAX",-17,12,2024
"Delta","DEN","LAX",97,12,2024
"United","DEN","LAX",-19,12,2024
"United","DEN","LAX",-14,12,2024
"United","DEN","LAX",-1,12,2024
"United","DEN","LAX",-16,12,2024
"United","DEN","LAX",-8,12,2024
"United","DEN","LAX",-3,12,2024
"United","DEN","LAX",-10,12,2024
"United","DEN","LAX",2,12,2024
"United","DEN","LAX",55,12,2024
"Delta","DEN","LAX",-23,12,2024
"Delta","DEN","LAX",-24,12,2024
"Delta","DEN","LAX",-24,12,2024
"United","DEN","LAX",-21,12,2024
"United","DEN","LAX",-10,12,2024
"United","DEN","LAX",-21,12,2024
"United","DEN","LAX",-7,12,2024
"United","DEN","LAX",-20,12,2024
"United","DEN","LAX",-19,12,2024
"United","DEN","LAX",-9,12,2024
"United","DEN","LAX",-6,12,2024
"United","DEN","LAX",23,12,2024
"Delta","DEN","LAX",0,12,2024
"Delta","DEN","LAX",9,12,2024
"United","DEN","LAX",-10,12,2024
"United","DEN","LAX",-10,12,2024
"United","DEN","LAX",7,12,2024
"United","DEN","LAX",3,12,2024
"United","DEN","LAX",5,12,2024
"United","DEN","LAX",-8,12,2024
"United","DEN","LAX",2,12,2024
"United","DEN","LAX",-5,12,2024
"United","DEN","LAX",109,12,2024
"Delta","DEN","LAX",-16,12,2024
"Delta","DEN","LAX",-15,12,2024
"United","DEN","LAX",0,12,2024
"United","DEN","LAX",-35,12,2024
"United","DEN","LAX",-27,12,2024
"United","DEN","LAX",6,12,2024
"United","DEN","LAX",-17,12,2024
"United","DEN","LAX",4,12,2024
"United","DEN","LAX",-26,12,2024
"United","DEN","LAX",-20,12,2024
"United","DEN","LAX",-24,12,2024
"Delta","DEN","LAX",-16,12,2024
"Delta","DEN","LAX",3,12,2024
"Delta","DEN","LAX",14,12,2024
"United","DEN","LAX",-11,12,2024
"United","DEN","LAX",3,12,2024
"United","DEN","LAX",17,12,2024
"United","DEN","LAX",22,12,2024
"United","DEN","LAX",3,12,2024
"United","DEN","LAX",7,12,2024
"United","DEN","LAX",9,12,2024
"United","DEN","LAX",22,12,2024
"United","DEN","LAX",316,12,2024
"Delta","DEN","LAX",-23,12,2024
"Delta","DEN","LAX",-23,12,2024
"Delta","DEN","LAX",101,12,2024
"United","DEN","LAX",-9,12,2024
"United","DEN","LAX",-2,12,2024
"United","DEN","LAX",1,12,2024
"United","DEN","LAX",-21,12,2024
"United","DEN","LAX",-9,12,2024
"United","DEN","LAX",19,12,2024
"United","DEN","LAX",8,12,2024
"United","DEN","LAX",53,12,2024
"United","DEN","LAX",64,12,2024
"Delta","DEN","LAX",-24,12,2024
"Delta","DEN","LAX",9,12,2024
"United","DEN","LAX",-16,12,2024
"United","DEN","LAX",-9,12,2024
"United","DEN","LAX",-5,12,2024
"United","DEN","LAX",-19,12,2024
"United","DEN","LAX",-13,12,2024
"United","DEN","LAX",-16,12,2024
"United","DEN","LAX",-9,12,2024
"United","DEN","LAX",40,12,2024
"United","DEN","LAX",187,12,2024
"Delta","DEN","LAX",-13,12,2024
"Delta","DEN","LAX",-11,12,2024
"Delta","DEN","LAX",-3,12,2024
"United","DEN","LAX",-6,12,2024
"United","DEN","LAX",3,12,2024
"United","DEN","LAX",-15,12,2024
"United","DEN","LAX",-3,12,2024
"United","DEN","LAX",4,12,2024
"United","DEN","LAX",42,12,2024
"United","DEN","LAX",1,12,2024
"United","DEN","LAX",16,12,2024
"United","DEN","LAX",24,12,2024
"Delta","DEN","LAX",-10,12,2024
"Delta","DEN","LAX",-1,12,2024
"Delta","DEN","LAX",-9,12,2024
"United","DEN","LAX",-1,12,2024
"United","DEN","LAX",2,12,2024
"United","DEN","LAX",-13,12,2024
"United","DEN","LAX",-6,12,2024
"United","DEN","LAX",8,12,2024
"United","DEN","LAX",28,12,2024
"United","DEN","LAX",37,12,2024
"United","DEN","LAX",40,12,2024
"United","DEN","LAX",185,12,2024
"Delta","DEN","LAX",-18,12,2024
"Delta","DEN","LAX",65,12,2024
"United","DEN","LAX",-6,12,2024
"United","DEN","LAX",45,12,2024
"United","DEN","LAX",-4,12,2024
"United","DEN","LAX",8,12,2024
"United","DEN","LAX",-9,12,2024
"United","DEN","LAX",-6,12,2024
"United","DEN","LAX",17,12,2024
"United","DEN","LAX",12,12,2024
"United","DEN","LAX",31,12,2024
"Delta","DEN","LAX",-18,2,2024
"Delta","DEN","LAX",-16,2,2024
"Delta","DEN","LAX",4,2,2024
"United","DEN","LAX",-6,2,2024
"United","DEN","LAX",-6,2,2024
"United","DEN","LAX",-22,2,2024
"United","DEN","LAX",9,2,2024
"United","DEN","LAX",5,2,2024
"United","DEN","LAX",3,2,2024
"United","DEN","LAX",3,2,2024
"United","DEN","LAX",18,2,2024
"United","DEN","LAX",25,2,2024
"Delta","DEN","LAX",-20,2,2024
"Delta","DEN","LAX",-6,2,2024
"Delta","DEN","LAX",-3,2,2024
"United","DEN","LAX",-24,2,2024
"United","DEN","LAX",-22,2,2024
"United","DEN","LAX",-18,2,2024
"United","DEN","LAX",-15,2,2024
"United","DEN","LAX",-12,2,2024
"United","DEN","LAX",-7,2,2024
"United","DEN","LAX",-8,2,2024
"United","DEN","LAX",9,2,2024
"United","DEN","LAX",14,2,2024
"Delta","DEN","LAX",-30,2,2024
"Delta","DEN","LAX",-17,2,2024
"Delta","DEN","LAX",78,2,2024
"United","DEN","LAX",-16,2,2024
"United","DEN","LAX",82,2,2024
"United","DEN","LAX",51,2,2024
"United","DEN","LAX",108,2,2024
"United","DEN","LAX",186,2,2024
"United","DEN","LAX",185,2,2024
"Delta","DEN","LAX",20,2,2024
"Delta","DEN","LAX",44,2,2024
"Delta","DEN","LAX",102,2,2024
"United","DEN","LAX",9,2,2024
"United","DEN","LAX",45,2,2024
"United","DEN","LAX",13,2,2024
"United","DEN","LAX",8,2,2024
"United","DEN","LAX",49,2,2024
"United","DEN","LAX",108,2,2024
"United","DEN","LAX",172,2,2024
"United","DEN","LAX",214,2,2024
"Delta","DEN","LAX",4,2,2024
"Delta","DEN","LAX",-3,2,2024
"Delta","DEN","LAX",24,2,2024
"United","DEN","LAX",17,2,2024
"United","DEN","LAX",23,2,2024
"United","DEN","LAX",28,2,2024
"United","DEN","LAX",10,2,2024
"United","DEN","LAX",20,2,2024
"United","DEN","LAX",24,2,2024
"United","DEN","LAX",26,2,2024
"United","DEN","LAX",31,2,2024
"Delta","DEN","LAX",-18,2,2024
"Delta","DEN","LAX",13,2,2024
"Delta","DEN","LAX",1,2,2024
"United","DEN","LAX",-7,2,2024
"United","DEN","LAX",4,2,2024
"United","DEN","LAX",-11,2,2024
"United","DEN","LAX",0,2,2024
"United","DEN","LAX",-1,2,2024
"United","DEN","LAX",64,2,2024
"United","DEN","LAX",77,2,2024
"Delta","DEN","LAX",-32,2,2024
"Delta","DEN","LAX",-16,2,2024
"Delta","DEN","LAX",-15,2,2024
"United","DEN","LAX",-17,2,2024
"United","DEN","LAX",-13,2,2024
"United","DEN","LAX",-10,2,2024
"United","DEN","LAX",-19,2,2024
"United","DEN","LAX",-13,2,2024
"United","DEN","LAX",5,2,2024
"United","DEN","LAX",-13,2,2024
"Delta","DEN","LAX",-3,2,2024
"Delta","DEN","LAX",-17,2,2024
"Delta","DEN","LAX",-13,2,2024
"United","DEN","LAX",-16,2,2024
"United","DEN","LAX",-4,2,2024
"United","DEN","LAX",-5,2,2024
"United","DEN","LAX",-12,2,2024
"United","DEN","LAX",-4,2,2024
"United","DEN","LAX",-10,2,2024
"United","DEN","LAX",-10,2,2024
"United","DEN","LAX",-20,2,2024
"United","DEN","LAX",4,2,2024
"Delta","DEN","LAX",-7,2,2024
"Delta","DEN","LAX",-17,2,2024
"Delta","DEN","LAX",-10,2,2024
"United","DEN","LAX",-2,2,2024
"United","DEN","LAX",-18,2,2024
"United","DEN","LAX",-9,2,2024
"United","DEN","LAX",-15,2,2024
"United","DEN","LAX",7,2,2024
"United","DEN","LAX",-19,2,2024
"United","DEN","LAX",0,2,2024
"United","DEN","LAX",34,2,2024
"United","DEN","LAX",307,2,2024
"Delta","DEN","LAX",-9,2,2024
"Delta","DEN","LAX",-8,2,2024
"Delta","DEN","LAX",-4,2,2024
"United","DEN","LAX",-7,2,2024
"United","DEN","LAX",-12,2,2024
"United","DEN","LAX",12,2,2024
"United","DEN","LAX",13,2,2024
"United","DEN","LAX",93,2,2024
"United","DEN","LAX",101,2,2024
"United","DEN","LAX",139,2,2024
"Delta","DEN","LAX",-25,2,2024
"Delta","DEN","LAX",-29,2,2024
"Delta","DEN","LAX",-25,2,2024
"United","DEN","LAX",-16,2,2024
"United","DEN","LAX",-12,2,2024
"United","DEN","LAX",-28,2,2024
"United","DEN","LAX",-5,2,2024
"United","DEN","LAX",12,2,2024
"United","DEN","LAX",-17,2,2024
"United","DEN","LAX",-10,2,2024
"United","DEN","LAX",-21,2,2024
"Delta","DEN","LAX",0,2,2024
"Delta","DEN","LAX",-14,2,2024
"Delta","DEN","LAX",-2,2,2024
"United","DEN","LAX",-22,2,2024
"United","DEN","LAX",-13,2,2024
"United","DEN","LAX",-20,2,2024
"United","DEN","LAX",-1,2,2024
"United","DEN","LAX",-5,2,2024
"United","DEN","LAX",3,2,2024
"United","DEN","LAX",-12,2,2024
"United","DEN","LAX",25,2,2024
"United","DEN","LAX",86,2,2024
"Delta","DEN","LAX",-30,2,2024
"Delta","DEN","LAX",-35,2,2024
"Delta","DEN","LAX",-16,2,2024
"United","DEN","LAX",-13,2,2024
"United","DEN","LAX",-17,2,2024
"United","DEN","LAX",-16,2,2024
"United","DEN","LAX",3,2,2024
"United","DEN","LAX",-12,2,2024
"United","DEN","LAX",0,2,2024
"United","DEN","LAX",-3,2,2024
"Delta","DEN","LAX",-14,2,2024
"Delta","DEN","LAX",-16,2,2024
"Delta","DEN","LAX",-29,2,2024
"United","DEN","LAX",-29,2,2024
"United","DEN","LAX",-12,2,2024
"United","DEN","LAX",-16,2,2024
"United","DEN","LAX",20,2,2024
"United","DEN","LAX",-5,2,2024
"United","DEN","LAX",-7,2,2024
"United","DEN","LAX",0,2,2024
"Delta","DEN","LAX",-16,2,2024
"Delta","DEN","LAX",-6,2,2024
"Delta","DEN","LAX",-13,2,2024
"United","DEN","LAX",-16,2,2024
"United","DEN","LAX",-7,2,2024
"United","DEN","LAX",-4,2,2024
"United","DEN","LAX",-18,2,2024
"United","DEN","LAX",-7,2,2024
"United","DEN","LAX",24,2,2024
"United","DEN","LAX",-2,2,2024
"United","DEN","LAX",-6,2,2024
"United","DEN","LAX",-1,2,2024
"Delta","DEN","LAX",11,2,2024
"Delta","DEN","LAX",-2,2,2024
"Delta","DEN","LAX",51,2,2024
"United","DEN","LAX",-10,2,2024
"United","DEN","LAX",6,2,2024
"United","DEN","LAX",3,2,2024
"United","DEN","LAX",10,2,2024
"United","DEN","LAX",30,2,2024
"United","DEN","LAX",21,2,2024
"United","DEN","LAX",-4,2,2024
"United","DEN","LAX",193,2,2024
"United","DEN","LAX",364,2,2024
"Delta","DEN","LAX",-7,2,2024
"Delta","DEN","LAX",-12,2,2024
"Delta","DEN","LAX",-5,2,2024
"United","DEN","LAX",10,2,2024
"United","DEN","LAX",-7,2,2024
"United","DEN","LAX",-10,2,2024
"United","DEN","LAX",-1,2,2024
"United","DEN","LAX",21,2,2024
"United","DEN","LAX",1,2,2024
"United","DEN","LAX",13,2,2024
"Delta","DEN","LAX",-7,2,2024
"Delta","DEN","LAX",30,2,2024
"Delta","DEN","LAX",20,2,2024
"United","DEN","LAX",13,2,2024
"United","DEN","LAX",-9,2,2024
"United","DEN","LAX",-17,2,2024
"United","DEN","LAX",-11,2,2024
"United","DEN","LAX",1,2,2024
"United","DEN","LAX",4,2,2024
"United","DEN","LAX",1,2,2024
"United","DEN","LAX",64,2,2024
"Delta","DEN","LAX",-9,2,2024
"Delta","DEN","LAX",75,2,2024
"Delta","DEN","LAX",94,2,2024
"United","DEN","LAX",12,2,2024
"United","DEN","LAX",-10,2,2024
"United","DEN","LAX",-8,2,2024
"United","DEN","LAX",1,2,2024
"United","DEN","LAX",-2,2,2024
"United","DEN","LAX",26,2,2024
"United","DEN","LAX",21,2,2024
"United","DEN","LAX",40,2,2024
"United","DEN","LAX",53,2,2024
"Delta","DEN","LAX",6,2,2024
"Delta","DEN","LAX",41,2,2024
"Delta","DEN","LAX",38,2,2024
"United","DEN","LAX",15,2,2024
"United","DEN","LAX",11,2,2024
"United","DEN","LAX",13,2,2024
"United","DEN","LAX",24,2,2024
"United","DEN","LAX",19,2,2024
"United","DEN","LAX",41,2,2024
"United","DEN","LAX",221,2,2024
"Delta","DEN","LAX",-16,2,2024
"Delta","DEN","LAX",-6,2,2024
"Delta","DEN","LAX",-12,2,2024
"United","DEN","LAX",-10,2,2024
"United","DEN","LAX",1,2,2024
"United","DEN","LAX",6,2,2024
"United","DEN","LAX",9,2,2024
"United","DEN","LAX",-5,2,2024
"United","DEN","LAX",1,2,2024
"United","DEN","LAX",17,2,2024
"Delta","DEN","LAX",-15,2,2024
"Delta","DEN","LAX",-16,2,2024
"Delta","DEN","LAX",2,2,2024
"United","DEN","LAX",0,2,2024
"United","DEN","LAX",-14,2,2024
"United","DEN","LAX",-1,2,2024
"United","DEN","LAX",0,2,2024
"United","DEN","LAX",22,2,2024
"United","DEN","LAX",-7,2,2024
"United","DEN","LAX",-4,2,2024
"United","DEN","LAX",45,2,2024
"United","DEN","LAX",106,2,2024
"Delta","DEN","LAX",-16,2,2024
"Delta","DEN","LAX",-28,2,2024
"Delta","DEN","LAX",-3,2,2024
"United","DEN","LAX",-22,2,2024
"United","DEN","LAX",-16,2,2024
"United","DEN","LAX",-10,2,2024
"United","DEN","LAX",-16,2,2024
"United","DEN","LAX",2,2,2024
"United","DEN","LAX",7,2,2024
"United","DEN","LAX",10,2,2024
"United","DEN","LAX",1,2,2024
"United","DEN","LAX",11,2,2024
"Delta","DEN","LAX",-2,2,2024
"Delta","DEN","LAX",-10,2,2024
"Delta","DEN","LAX",-4,2,2024
"United","DEN","LAX",-14,2,2024
"United","DEN","LAX",-18,2,2024
"United","DEN","LAX",9,2,2024
"United","DEN","LAX",-3,2,2024
"United","DEN","LAX",0,2,2024
"United","DEN","LAX",21,2,2024
"United","DEN","LAX",205,2,2024
"Delta","DEN","LAX",-17,2,2024
"Delta","DEN","LAX",11,2,2024
"Delta","DEN","LAX",-3,2,2024
"United","DEN","LAX",-3,2,2024
"United","DEN","LAX",-13,2,2024
"United","DEN","LAX",2,2,2024
"United","DEN","LAX",-1,2,2024
"United","DEN","LAX",16,2,2024
"United","DEN","LAX",13,2,2024
"United","DEN","LAX",21,2,2024
"United","DEN","LAX",13,2,2024
"Delta","DEN","LAX",0,2,2024
"Delta","DEN","LAX",32,2,2024
"Delta","DEN","LAX",29,2,2024
"United","DEN","LAX",-12,2,2024
"United","DEN","LAX",1,2,2024
"United","DEN","LAX",8,2,2024
"United","DEN","LAX",23,2,2024
"United","DEN","LAX",31,2,2024
"United","DEN","LAX",6,2,2024
"United","DEN","LAX",36,2,2024
"United","DEN","LAX",38,2,2024
"United","DEN","LAX",26,2,2024
"Delta","DEN","LAX",-24,2,2024
"Delta","DEN","LAX",-13,2,2024
"Delta","DEN","LAX",64,2,2024
"United","DEN","LAX",38,2,2024
"United","DEN","LAX",29,2,2024
"United","DEN","LAX",3,2,2024
"United","DEN","LAX",4,2,2024
"United","DEN","LAX",32,2,2024
"United","DEN","LAX",89,2,2024
"United","DEN","LAX",145,2,2024
"Delta","DEN","LAX",-28,2,2024
"Delta","DEN","LAX",3,2,2024
"Delta","DEN","LAX",4,2,2024
"United","DEN","LAX",-29,2,2024
"United","DEN","LAX",-20,2,2024
"United","DEN","LAX",-18,2,2024
"United","DEN","LAX",-14,2,2024
"United","DEN","LAX",-11,2,2024
"United","DEN","LAX",-1,2,2024
"United","DEN","LAX",87,2,2024
"Delta","DEN","LAX",-12,2,2024
"Delta","DEN","LAX",-33,2,2024
"Delta","DEN","LAX",-7,2,2024
"United","DEN","LAX",-12,2,2024
"United","DEN","LAX",-27,2,2024
"United","DEN","LAX",-12,2,2024
"United","DEN","LAX",-20,2,2024
"United","DEN","LAX",-13,2,2024
"United","DEN","LAX",-14,2,2024
"United","DEN","LAX",-13,2,2024
"United","DEN","LAX",34,2,2024
"United","DEN","LAX",80,2,2024
"Delta","DEN","LAX",-28,1,2024
"Delta","DEN","LAX",-6,1,2024
"Delta","DEN","LAX",17,1,2024
"United","DEN","LAX",-33,1,2024
"United","DEN","LAX",-21,1,2024
"United","DEN","LAX",-17,1,2024
"United","DEN","LAX",-28,1,2024
"United","DEN","LAX",-26,1,2024
"United","DEN","LAX",-9,1,2024
"United","DEN","LAX",-20,1,2024
"United","DEN","LAX",-1,1,2024
"Delta","DEN","LAX",-36,1,2024
"Delta","DEN","LAX",-4,1,2024
"Delta","DEN","LAX",-17,1,2024
"United","DEN","LAX",-28,1,2024
"United","DEN","LAX",-29,1,2024
"United","DEN","LAX",-27,1,2024
"United","DEN","LAX",-14,1,2024
"United","DEN","LAX",-14,1,2024
"United","DEN","LAX",-18,1,2024
"United","DEN","LAX",-12,1,2024
"United","DEN","LAX",9,1,2024
"United","DEN","LAX",15,1,2024
"Delta","DEN","LAX",-18,1,2024
"Delta","DEN","LAX",-20,1,2024
"Delta","DEN","LAX",-12,1,2024
"United","DEN","LAX",-16,1,2024
"United","DEN","LAX",-16,1,2024
"United","DEN","LAX",-9,1,2024
"United","DEN","LAX",-4,1,2024
"United","DEN","LAX",-7,1,2024
"United","DEN","LAX",3,1,2024
"United","DEN","LAX",21,1,2024
"United","DEN","LAX",34,1,2024
"Delta","DEN","LAX",-31,1,2024
"Delta","DEN","LAX",-20,1,2024
"Delta","DEN","LAX",-26,1,2024
"United","DEN","LAX",-25,1,2024
"United","DEN","LAX",-29,1,2024
"United","DEN","LAX",-24,1,2024
"United","DEN","LAX",-19,1,2024
"United","DEN","LAX",-19,1,2024
"United","DEN","LAX",-13,1,2024
"United","DEN","LAX",2,1,2024
"United","DEN","LAX",0,1,2024
"Delta","DEN","LAX",-11,1,2024
"Delta","DEN","LAX",-11,1,2024
"Delta","DEN","LAX",-12,1,2024
"United","DEN","LAX",-16,1,2024
"United","DEN","LAX",-5,1,2024
"United","DEN","LAX",-18,1,2024
"United","DEN","LAX",-11,1,2024
"United","DEN","LAX",-7,1,2024
"United","DEN","LAX",-14,1,2024
"United","DEN","LAX",-3,1,2024
"United","DEN","LAX",-6,1,2024
"Delta","DEN","LAX",-14,1,2024
"Delta","DEN","LAX",-16,1,2024
"Delta","DEN","LAX",2,1,2024
"United","DEN","LAX",-5,1,2024
"United","DEN","LAX",-10,1,2024
"United","DEN","LAX",-3,1,2024
"United","DEN","LAX",6,1,2024
"United","DEN","LAX",0,1,2024
"United","DEN","LAX",33,1,2024
"United","DEN","LAX",46,1,2024
"Delta","DEN","LAX",-22,1,2024
"Delta","DEN","LAX",-19,1,2024
"Delta","DEN","LAX",32,1,2024
"United","DEN","LAX",-26,1,2024
"United","DEN","LAX",-19,1,2024
"United","DEN","LAX",-7,1,2024
"United","DEN","LAX",-13,1,2024
"United","DEN","LAX",-8,1,2024
"United","DEN","LAX",7,1,2024
"United","DEN","LAX",85,1,2024
"Delta","DEN","LAX",14,1,2024
"Delta","DEN","LAX",-12,1,2024
"Delta","DEN","LAX",24,1,2024
"United","DEN","LAX",-37,1,2024
"United","DEN","LAX",-27,1,2024
"United","DEN","LAX",-20,1,2024
"United","DEN","LAX",-10,1,2024
"United","DEN","LAX",28,1,2024
"United","DEN","LAX",-9,1,2024
"United","DEN","LAX",15,1,2024
"United","DEN","LAX",19,1,2024
"Delta","DEN","LAX",-23,1,2024
"Delta","DEN","LAX",-8,1,2024
"Delta","DEN","LAX",778,1,2024
"United","DEN","LAX",1,1,2024
"United","DEN","LAX",-2,1,2024
"United","DEN","LAX",-2,1,2024
"United","DEN","LAX",6,1,2024
"United","DEN","LAX",8,1,2024
"Delta","DEN","LAX",-30,1,2024
"Delta","DEN","LAX",10,1,2024
"Delta","DEN","LAX",11,1,2024
"United","DEN","LAX",-12,1,2024
"United","DEN","LAX",-1,1,2024
"United","DEN","LAX",25,1,2024
"United","DEN","LAX",18,1,2024
"United","DEN","LAX",233,1,2024
"Delta","DEN","LAX",9,1,2024
"Delta","DEN","LAX",10,1,2024
"Delta","DEN","LAX",31,1,2024
"United","DEN","LAX",-16,1,2024
"United","DEN","LAX",-20,1,2024
"United","DEN","LAX",-12,1,2024
"United","DEN","LAX",0,1,2024
"Delta","DEN","LAX",-14,1,2024
"Delta","DEN","LAX",46,1,2024
"Delta","DEN","LAX",37,1,2024
"United","DEN","LAX",-5,1,2024
"United","DEN","LAX",-1,1,2024
"United","DEN","LAX",6,1,2024
"United","DEN","LAX",15,1,2024
"United","DEN","LAX",137,1,2024
"Delta","DEN","LAX",-13,1,2024
"Delta","DEN","LAX",21,1,2024
"Delta","DEN","LAX",-10,1,2024
"United","DEN","LAX",2,1,2024
"United","DEN","LAX",2,1,2024
"United","DEN","LAX",54,1,2024
"United","DEN","LAX",22,1,2024
"United","DEN","LAX",101,1,2024
"United","DEN","LAX",227,1,2024
"Delta","DEN","LAX",-23,1,2024
"Delta","DEN","LAX",-1,1,2024
"Delta","DEN","LAX",24,1,2024
"United","DEN","LAX",-15,1,2024
"United","DEN","LAX",7,1,2024
"United","DEN","LAX",16,1,2024
"United","DEN","LAX",1,1,2024
"United","DEN","LAX",242,1,2024
"Delta","DEN","LAX",-10,1,2024
"Delta","DEN","LAX",-3,1,2024
"Delta","DEN","LAX",77,1,2024
"United","DEN","LAX",13,1,2024
"United","DEN","LAX",27,1,2024
"United","DEN","LAX",97,1,2024
"United","DEN","LAX",82,1,2024
"United","DEN","LAX",160,1,2024
"United","DEN","LAX",231,1,2024
"Delta","DEN","LAX",-4,1,2024
"Delta","DEN","LAX",36,1,2024
"Delta","DEN","LAX",193,1,2024
"United","DEN","LAX",-5,1,2024
"United","DEN","LAX",-2,1,2024
"United","DEN","LAX",34,1,2024
"United","DEN","LAX",72,1,2024
"United","DEN","LAX",99,1,2024
"United","DEN","LAX",125,1,2024
"Delta","DEN","LAX",-25,1,2024
"Delta","DEN","LAX",-19,1,2024
"Delta","DEN","LAX",-9,1,2024
"United","DEN","LAX",26,1,2024
"United","DEN","LAX",-5,1,2024
"United","DEN","LAX",-5,1,2024
"United","DEN","LAX",0,1,2024
"United","DEN","LAX",13,1,2024
"United","DEN","LAX",95,1,2024
"Delta","DEN","LAX",7,1,2024
"Delta","DEN","LAX",-22,1,2024
"Delta","DEN","LAX",-29,1,2024
"United","DEN","LAX",-22,1,2024
"United","DEN","LAX",-15,1,2024
"United","DEN","LAX",-8,1,2024
"United","DEN","LAX",2,1,2024
"United","DEN","LAX",18,1,2024
"United","DEN","LAX",121,1,2024
"Delta","DEN","LAX",2,1,2024
"Delta","DEN","LAX",-15,1,2024
"Delta","DEN","LAX",40,1,2024
"United","DEN","LAX",-20,1,2024
"United","DEN","LAX",-9,1,2024
"United","DEN","LAX",-16,1,2024
"United","DEN","LAX",1,1,2024
"United","DEN","LAX",12,1,2024
"United","DEN","LAX",28,1,2024
"United","DEN","LAX",86,1,2024
"Delta","DEN","LAX",-24,1,2024
"Delta","DEN","LAX",-9,1,2024
"Delta","DEN","LAX",10,1,2024
"United","DEN","LAX",-10,1,2024
"United","DEN","LAX",-2,1,2024
"United","DEN","LAX",2,1,2024
"United","DEN","LAX",-16,1,2024
"United","DEN","LAX",-8,1,2024
"United","DEN","LAX",20,1,2024
"United","DEN","LAX",57,1,2024
"Delta","DEN","LAX",-17,1,2024
"Delta","DEN","LAX",-18,1,2024
"Delta","DEN","LAX",-17,1,2024
"United","DEN","LAX",5,1,2024
"United","DEN","LAX",-19,1,2024
"United","DEN","LAX",-21,1,2024
"United","DEN","LAX",-13,1,2024
"United","DEN","LAX",-13,1,2024
"United","DEN","LAX",-2,1,2024
"United","DEN","LAX",-13,1,2024
"United","DEN","LAX",8,1,2024
"Delta","DEN","LAX",-32,1,2024
"Delta","DEN","LAX",-14,1,2024
"Delta","DEN","LAX",-3,1,2024
"United","DEN","LAX",-16,1,2024
"United","DEN","LAX",-6,1,2024
"United","DEN","LAX",-12,1,2024
"United","DEN","LAX",-17,1,2024
"United","DEN","LAX",-11,1,2024
"United","DEN","LAX",10,1,2024
"United","DEN","LAX",7,1,2024
"Delta","DEN","LAX",-26,1,2024
"Delta","DEN","LAX",-19,1,2024
"Delta","DEN","LAX",-33,1,2024
"United","DEN","LAX",-21,1,2024
"United","DEN","LAX",-12,1,2024
"United","DEN","LAX",-18,1,2024
"United","DEN","LAX",-11,1,2024
"United","DEN","LAX",1,1,2024
"United","DEN","LAX",88,1,2024
"Delta","DEN","LAX",-30,1,2024
"Delta","DEN","LAX",-28,1,2024
"Delta","DEN","LAX",-11,1,2024
"United","DEN","LAX",-27,1,2024
"United","DEN","LAX",-25,1,2024
"United","DEN","LAX",-17,1,2024
"United","DEN","LAX",-14,1,2024
"United","DEN","LAX",-6,1,2024
"United","DEN","LAX",4,1,2024
"Delta","DEN","LAX",-7,1,2024
"Delta","DEN","LAX",-23,1,2024
"Delta","DEN","LAX",-24,1,2024
"United","DEN","LAX",-21,1,2024
"United","DEN","LAX",-24,1,2024
"United","DEN","LAX",2,1,2024
"United","DEN","LAX",-29,1,2024
"United","DEN","LAX",-13,1,2024
"United","DEN","LAX",-8,1,2024
"United","DEN","LAX",2,1,2024
"Delta","DEN","LAX",-15,1,2024
"Delta","DEN","LAX",-16,1,2024
"Delta","DEN","LAX",-18,1,2024
"United","DEN","LAX",-7,1,2024
"United","DEN","LAX",-18,1,2024
"United","DEN","LAX",-12,1,2024
"United","DEN","LAX",12,1,2024
"United","DEN","LAX",-5,1,2024
"United","DEN","LAX",37,1,2024
"United","DEN","LAX",85,1,2024
"Delta","DEN","LAX",-30,1,2024
"Delta","DEN","LAX",-34,1,2024
"Delta","DEN","LAX",-17,1,2024
"United","DEN","LAX",-16,1,2024
"United","DEN","LAX",-26,1,2024
"United","DEN","LAX",-18,1,2024
"United","DEN","LAX",-17,1,2024
"United","DEN","LAX",-15,1,2024
"United","DEN","LAX",14,1,2024
"Delta","DEN","LAX",-23,1,2024
"Delta","DEN","LAX",-31,1,2024
"Delta","DEN","LAX",23,1,2024
"United","DEN","LAX",-20,1,2024
"United","DEN","LAX",-17,1,2024
"United","DEN","LAX",-16,1,2024
"United","DEN","LAX",-13,1,2024
"United","DEN","LAX",-17,1,2024
"United","DEN","LAX",-19,1,2024
"United","DEN","LAX",14,1,2024
"United","DEN","LAX",53,1,2024
"Delta","DEN","LAX",-45,1,2024
"Delta","DEN","LAX",-33,1,2024
"Delta","DEN","LAX",-28,1,2024
"United","DEN","LAX",-28,1,2024
"United","DEN","LAX",-23,1,2024
"United","DEN","LAX",-33,1,2024
"United","DEN","LAX",-22,1,2024
"United","DEN","LAX",-38,1,2024
"United","DEN","LAX",-29,1,2024
"United","DEN","LAX",-22,1,2024
"United","DEN","LAX",-25,1,2024
"United","DEN","LAX",-21,1,2024
"Delta","DEN","LAX",-23,1,2024
"Delta","DEN","LAX",-24,1,2024
"Delta","DEN","LAX",-32,1,2024
"United","DEN","LAX",-26,1,2024
"United","DEN","LAX",-25,1,2024
"United","DEN","LAX",-22,1,2024
"United","DEN","LAX",-17,1,2024
"United","DEN","LAX",-17,1,2024
"United","DEN","LAX",-20,1,2024
"United","DEN","LAX",-6,1,2024
"Delta","DEN","LAX",-14,1,2024
"Delta","DEN","LAX",-34,1,2024
"Delta","DEN","LAX",-18,1,2024
"United","DEN","LAX",-30,1,2024
"United","DEN","LAX",-18,1,2024
"United","DEN","LAX",-26,1,2024
"United","DEN","LAX",-26,1,2024
"United","DEN","LAX",-25,1,2024
"United","DEN","LAX",-15,1,2024
"United","DEN","LAX",-22,1,2024
"Delta","DEN","LAX",-17,7,2024
"Delta","DEN","LAX",-6,7,2024
"Delta","DEN","LAX",-4,7,2024
"United","DEN","LAX",-17,7,2024
"United","DEN","LAX",-10,7,2024
"United","DEN","LAX",-4,7,2024
"United","DEN","LAX",47,7,2024
"United","DEN","LAX",-1,7,2024
"United","DEN","LAX",2,7,2024
"United","DEN","LAX",83,7,2024
"United","DEN","LAX",86,7,2024
"United","DEN","LAX",108,7,2024
"Delta","DEN","LAX",-8,7,2024
"Delta","DEN","LAX",-3,7,2024
"Delta","DEN","LAX",-21,7,2024
"United","DEN","LAX",-17,7,2024
"United","DEN","LAX",-14,7,2024
"United","DEN","LAX",-9,7,2024
"United","DEN","LAX",1,7,2024
"United","DEN","LAX",-5,7,2024
"United","DEN","LAX",-5,7,2024
"United","DEN","LAX",7,7,2024
"United","DEN","LAX",-5,7,2024
"United","DEN","LAX",29,7,2024
"Delta","DEN","LAX",-21,7,2024
"Delta","DEN","LAX",-6,7,2024
"Delta","DEN","LAX",12,7,2024
"United","DEN","LAX",-12,7,2024
"United","DEN","LAX",-11,7,2024
"United","DEN","LAX",-11,7,2024
"United","DEN","LAX",-4,7,2024
"United","DEN","LAX",-9,7,2024
"United","DEN","LAX",0,7,2024
"United","DEN","LAX",-15,7,2024
"United","DEN","LAX",-3,7,2024
"United","DEN","LAX",3,7,2024
"Delta","DEN","LAX",-19,7,2024
"Delta","DEN","LAX",-15,7,2024
"United","DEN","LAX",-28,7,2024
"United","DEN","LAX",-24,7,2024
"United","DEN","LAX",-20,7,2024
"United","DEN","LAX",-18,7,2024
"United","DEN","LAX",-16,7,2024
"United","DEN","LAX",0,7,2024
"United","DEN","LAX",-1,7,2024
"United","DEN","LAX",3,7,2024
"United","DEN","LAX",41,7,2024
"Delta","DEN","LAX",-20,7,2024
"Delta","DEN","LAX",-25,7,2024
"Delta","DEN","LAX",-5,7,2024
"United","DEN","LAX",-4,7,2024
"United","DEN","LAX",-4,7,2024
"United","DEN","LAX",-19,7,2024
"United","DEN","LAX",-17,7,2024
"United","DEN","LAX",-19,7,2024
"United","DEN","LAX",-14,7,2024
"United","DEN","LAX",-13,7,2024
"United","DEN","LAX",-11,7,2024
"United","DEN","LAX",-12,7,2024
"Delta","DEN","LAX",-5,7,2024
"Delta","DEN","LAX",-1,7,2024
"Delta","DEN","LAX",9,7,2024
"United","DEN","LAX",-17,7,2024
"United","DEN","LAX",-8,7,2024
"United","DEN","LAX",-13,7,2024
"United","DEN","LAX",-6,7,2024
"United","DEN","LAX",-14,7,2024
"United","DEN","LAX",-11,7,2024
"United","DEN","LAX",1,7,2024
"United","DEN","LAX",114,7,2024
"Delta","DEN","LAX",-18,7,2024
"Delta","DEN","LAX",22,7,2024
"Delta","DEN","LAX",176,7,2024
"United","DEN","LAX",-21,7,2024
"United","DEN","LAX",-17,7,2024
"United","DEN","LAX",19,7,2024
"United","DEN","LAX",3,7,2024
"United","DEN","LAX",17,7,2024
"United","DEN","LAX",24,7,2024
"United","DEN","LAX",82,7,2024
"United","DEN","LAX",109,7,2024
"United","DEN","LAX",154,7,2024
"Delta","DEN","LAX",2,7,2024
"Delta","DEN","LAX",32,7,2024
"Delta","DEN","LAX",31,7,2024
"United","DEN","LAX",-16,7,2024
"United","DEN","LAX",-19,7,2024
"United","DEN","LAX",-2,7,2024
"United","DEN","LAX",-17,7,2024
"United","DEN","LAX",-16,7,2024
"United","DEN","LAX",-7,7,2024
"United","DEN","LAX",-1,7,2024
"United","DEN","LAX",10,7,2024
"United","DEN","LAX",8,7,2024
"Delta","DEN","LAX",-11,7,2024
"Delta","DEN","LAX",44,7,2024
"Delta","DEN","LAX",217,7,2024
"United","DEN","LAX",-24,7,2024
"United","DEN","LAX",-13,7,2024
"United","DEN","LAX",-21,7,2024
"United","DEN","LAX",-23,7,2024
"United","DEN","LAX",-18,7,2024
"United","DEN","LAX",-13,7,2024
"United","DEN","LAX",5,7,2024
"United","DEN","LAX",-6,7,2024
"United","DEN","LAX",74,7,2024
"Delta","DEN","LAX",-35,7,2024
"Delta","DEN","LAX",-3,7,2024
"Delta","DEN","LAX",-12,7,2024
"United","DEN","LAX",-25,7,2024
"United","DEN","LAX",-19,7,2024
"United","DEN","LAX",-19,7,2024
"United","DEN","LAX",-17,7,2024
"United","DEN","LAX",2,7,2024
"United","DEN","LAX",24,7,2024
"United","DEN","LAX",12,7,2024
"United","DEN","LAX",-9,7,2024
"United","DEN","LAX",53,7,2024
"Delta","DEN","LAX",-26,7,2024
"Delta","DEN","LAX",-14,7,2024
"Delta","DEN","LAX",-3,7,2024
"United","DEN","LAX",-17,7,2024
"United","DEN","LAX",-9,7,2024
"United","DEN","LAX",-9,7,2024
"United","DEN","LAX",-21,7,2024
"United","DEN","LAX",-3,7,2024
"United","DEN","LAX",13,7,2024
"United","DEN","LAX",76,7,2024
"United","DEN","LAX",63,7,2024
"United","DEN","LAX",100,7,2024
"Delta","DEN","LAX",-18,7,2024
"Delta","DEN","LAX",10,7,2024
"Delta","DEN","LAX",38,7,2024
"United","DEN","LAX",20,7,2024
"United","DEN","LAX",-10,7,2024
"United","DEN","LAX",-22,7,2024
"United","DEN","LAX",1,7,2024
"United","DEN","LAX",-6,7,2024
"United","DEN","LAX",-6,7,2024
"United","DEN","LAX",-2,7,2024
"United","DEN","LAX",12,7,2024
"United","DEN","LAX",56,7,2024
"Delta","DEN","LAX",-21,7,2024
"Delta","DEN","LAX",-33,7,2024
"Delta","DEN","LAX",-20,7,2024
"United","DEN","LAX",-20,7,2024
"United","DEN","LAX",-12,7,2024
"United","DEN","LAX",-6,7,2024
"United","DEN","LAX",-19,7,2024
"United","DEN","LAX",10,7,2024
"United","DEN","LAX",15,7,2024
"United","DEN","LAX",16,7,2024
"Delta","DEN","LAX",-17,7,2024
"Delta","DEN","LAX",17,7,2024
"Delta","DEN","LAX",8,7,2024
"United","DEN","LAX",-9,7,2024
"United","DEN","LAX",-1,7,2024
"United","DEN","LAX",6,7,2024
"United","DEN","LAX",1,7,2024
"United","DEN","LAX",-13,7,2024
"United","DEN","LAX",27,7,2024
"United","DEN","LAX",21,7,2024
"United","DEN","LAX",20,7,2024
"United","DEN","LAX",45,7,2024
"Delta","DEN","LAX",-14,7,2024
"Delta","DEN","LAX",-12,7,2024
"Delta","DEN","LAX",47,7,2024
"United","DEN","LAX",-21,7,2024
"United","DEN","LAX",34,7,2024
"United","DEN","LAX",-5,7,2024
"United","DEN","LAX",-7,7,2024
"United","DEN","LAX",19,7,2024
"United","DEN","LAX",31,7,2024
"United","DEN","LAX",47,7,2024
"United","DEN","LAX",153,7,2024
"United","DEN","LAX",209,7,2024
"Delta","DEN","LAX",-9,7,2024
"Delta","DEN","LAX",5,7,2024
"Delta","DEN","LAX",0,7,2024
"United","DEN","LAX",-18,7,2024
"United","DEN","LAX",-23,7,2024
"United","DEN","LAX",-15,7,2024
"United","DEN","LAX",-4,7,2024
"United","DEN","LAX",1,7,2024
"United","DEN","LAX",-11,7,2024
"United","DEN","LAX",-8,7,2024
"United","DEN","LAX",8,7,2024
"United","DEN","LAX",9,7,2024
"Delta","DEN","LAX",-16,7,2024
"Delta","DEN","LAX",2,7,2024
"Delta","DEN","LAX",21,7,2024
"United","DEN","LAX",-15,7,2024
"United","DEN","LAX",-17,7,2024
"United","DEN","LAX",-18,7,2024
"United","DEN","LAX",-6,7,2024
"United","DEN","LAX",1,7,2024
"United","DEN","LAX",-11,7,2024
"United","DEN","LAX",5,7,2024
"United","DEN","LAX",48,7,2024
"United","DEN","LAX",34,7,2024
"Delta","DEN","LAX",-12,7,2024
"Delta","DEN","LAX",-17,7,2024
"Delta","DEN","LAX",-9,7,2024
"United","DEN","LAX",-13,7,2024
"United","DEN","LAX",-8,7,2024
"United","DEN","LAX",-12,7,2024
"United","DEN","LAX",-7,7,2024
"United","DEN","LAX",-15,7,2024
"United","DEN","LAX",-17,7,2024
"United","DEN","LAX",-6,7,2024
"United","DEN","LAX",9,7,2024
"United","DEN","LAX",24,7,2024
"Delta","DEN","LAX",122,7,2024
"United","DEN","LAX",7,7,2024
"United","DEN","LAX",63,7,2024
"United","DEN","LAX",85,7,2024
"United","DEN","LAX",125,7,2024
"United","DEN","LAX",154,7,2024
"United","DEN","LAX",181,7,2024
"United","DEN","LAX",183,7,2024
"Delta","DEN","LAX",4,7,2024
"Delta","DEN","LAX",232,7,2024
"United","DEN","LAX",-18,7,2024
"United","DEN","LAX",-9,7,2024
"United","DEN","LAX",-5,7,2024
"United","DEN","LAX",22,7,2024
"United","DEN","LAX",49,7,2024
"United","DEN","LAX",108,7,2024
"United","DEN","LAX",135,7,2024
"United","DEN","LAX",-15,7,2024
"United","DEN","LAX",9,7,2024
"United","DEN","LAX",-15,7,2024
"United","DEN","LAX",13,7,2024
"United","DEN","LAX",53,7,2024
"United","DEN","LAX",23,7,2024
"United","DEN","LAX",22,7,2024
"United","DEN","LAX",36,7,2024
"United","DEN","LAX",161,7,2024
"Delta","DEN","LAX",97,7,2024
"Delta","DEN","LAX",234,7,2024
"United","DEN","LAX",-21,7,2024
"United","DEN","LAX",-20,7,2024
"United","DEN","LAX",-13,7,2024
"United","DEN","LAX",-12,7,2024
"United","DEN","LAX",-1,7,2024
"United","DEN","LAX",-7,7,2024
"United","DEN","LAX",-7,7,2024
"United","DEN","LAX",10,7,2024
"United","DEN","LAX",6,7,2024
"Delta","DEN","LAX",0,7,2024
"Delta","DEN","LAX",140,7,2024
"United","DEN","LAX",-20,7,2024
"United","DEN","LAX",-22,7,2024
"United","DEN","LAX",-17,7,2024
"United","DEN","LAX",-20,7,2024
"United","DEN","LAX",-12,7,2024
"United","DEN","LAX",-12,7,2024
"United","DEN","LAX",-2,7,2024
"United","DEN","LAX",-5,7,2024
"United","DEN","LAX",12,7,2024
"Delta","DEN","LAX",-18,7,2024
"Delta","DEN","LAX",-8,7,2024
"Delta","DEN","LAX",-5,7,2024
"United","DEN","LAX",-15,7,2024
"United","DEN","LAX",-34,7,2024
"United","DEN","LAX",10,7,2024
"United","DEN","LAX",3,7,2024
"United","DEN","LAX",-15,7,2024
"United","DEN","LAX",-5,7,2024
"United","DEN","LAX",23,7,2024
"United","DEN","LAX",10,7,2024
"United","DEN","LAX",41,7,2024
"Delta","DEN","LAX",-15,7,2024
"Delta","DEN","LAX",-13,7,2024
"Delta","DEN","LAX",-5,7,2024
"United","DEN","LAX",-17,7,2024
"United","DEN","LAX",-17,7,2024
"United","DEN","LAX",-6,7,2024
"United","DEN","LAX",-3,7,2024
"United","DEN","LAX",-9,7,2024
"United","DEN","LAX",2,7,2024
"United","DEN","LAX",-2,7,2024
"United","DEN","LAX",2,7,2024
"United","DEN","LAX",26,7,2024
"Delta","DEN","LAX",-21,7,2024
"Delta","DEN","LAX",-3,7,2024
"Delta","DEN","LAX",25,7,2024
"United","DEN","LAX",-12,7,2024
"United","DEN","LAX",6,7,2024
"United","DEN","LAX",-23,7,2024
"United","DEN","LAX",-9,7,2024
"United","DEN","LAX",0,7,2024
"United","DEN","LAX",1,7,2024
"United","DEN","LAX",19,7,2024
"United","DEN","LAX",16,7,2024
"United","DEN","LAX",41,7,2024
"Delta","DEN","LAX",30,7,2024
"Delta","DEN","LAX",1,7,2024
"Delta","DEN","LAX",-1,7,2024
"United","DEN","LAX",-12,7,2024
"United","DEN","LAX",-19,7,2024
"United","DEN","LAX",2,7,2024
"United","DEN","LAX",12,7,2024
"United","DEN","LAX",-3,7,2024
"United","DEN","LAX",25,7,2024
"United","DEN","LAX",7,7,2024
"United","DEN","LAX",199,7,2024
"Delta","DEN","LAX",-7,7,2024
"Delta","DEN","LAX",14,7,2024
"Delta","DEN","LAX",-4,7,2024
"United","DEN","LAX",0,7,2024
"United","DEN","LAX",-8,7,2024
"United","DEN","LAX",-1,7,2024
"United","DEN","LAX",-2,7,2024
"United","DEN","LAX",3,7,2024
"United","DEN","LAX",41,7,2024
"United","DEN","LAX",40,7,2024
"United","DEN","LAX",82,7,2024
"United","DEN","LAX",148,7,2024
"Delta","DEN","LAX",-9,7,2024
"Delta","DEN","LAX",11,7,2024
"Delta","DEN","LAX",19,7,2024
"United","DEN","LAX",10,7,2024
"United","DEN","LAX",-11,7,2024
"United","DEN","LAX",-11,7,2024
"United","DEN","LAX",-2,7,2024
"United","DEN","LAX",24,7,2024
"United","DEN","LAX",-3,7,2024
"United","DEN","LAX",-7,7,2024
"United","DEN","LAX",13,7,2024
"United","DEN","LAX",15,7,2024
"Delta","DEN","LAX",-31,7,2024
"Delta","DEN","LAX",-8,7,2024
"Delta","DEN","LAX",-11,7,2024
"United","DEN","LAX",-12,7,2024
"United","DEN","LAX",-10,7,2024
"United","DEN","LAX",-11,7,2024
"United","DEN","LAX",-12,7,2024
"United","DEN","LAX",-6,7,2024
"United","DEN","LAX",-6,7,2024
"United","DEN","LAX",51,7,2024
"United","DEN","LAX",71,7,2024
"United","DEN","LAX",102,7,2024
"Delta","DEN","LAX",-13,7,2024
"Delta","DEN","LAX",1,7,2024
"Delta","DEN","LAX",11,7,2024
"United","DEN","LAX",-23,7,2024
"United","DEN","LAX",-10,7,2024
"United","DEN","LAX",-17,7,2024
"United","DEN","LAX",-3,7,2024
"United","DEN","LAX",0,7,2024
"United","DEN","LAX",-8,7,2024
"United","DEN","LAX",-10,7,2024
"United","DEN","LAX",1,7,2024
"United","DEN","LAX",1,7,2024
"Delta","DEN","LAX",-6,6,2024
"Delta","DEN","LAX",0,6,2024
"Delta","DEN","LAX",4,6,2024
"United","DEN","LAX",0,6,2024
"United","DEN","LAX",-13,6,2024
"United","DEN","LAX",-12,6,2024
"United","DEN","LAX",-10,6,2024
"United","DEN","LAX",-1,6,2024
"United","DEN","LAX",-7,6,2024
"United","DEN","LAX",18,6,2024
"United","DEN","LAX",21,6,2024
"Delta","DEN","LAX",-14,6,2024
"Delta","DEN","LAX",-6,6,2024
"Delta","DEN","LAX",1,6,2024
"United","DEN","LAX",-13,6,2024
"United","DEN","LAX",-5,6,2024
"United","DEN","LAX",-9,6,2024
"United","DEN","LAX",-6,6,2024
"United","DEN","LAX",8,6,2024
"United","DEN","LAX",13,6,2024
"United","DEN","LAX",0,6,2024
"United","DEN","LAX",15,6,2024
"United","DEN","LAX",121,6,2024
"Delta","DEN","LAX",-16,6,2024
"Delta","DEN","LAX",-15,6,2024
"Delta","DEN","LAX",-20,6,2024
"United","DEN","LAX",-15,6,2024
"United","DEN","LAX",-17,6,2024
"United","DEN","LAX",7,6,2024
"United","DEN","LAX",30,6,2024
"United","DEN","LAX",-18,6,2024
"United","DEN","LAX",-15,6,2024
"United","DEN","LAX",-6,6,2024
"United","DEN","LAX",11,6,2024
"United","DEN","LAX",14,6,2024
"Delta","DEN","LAX",-23,6,2024
"Delta","DEN","LAX",-15,6,2024
"Delta","DEN","LAX",24,6,2024
"United","DEN","LAX",-15,6,2024
"United","DEN","LAX",-23,6,2024
"United","DEN","LAX",-15,6,2024
"United","DEN","LAX",-8,6,2024
"United","DEN","LAX",-22,6,2024
"United","DEN","LAX",11,6,2024
"United","DEN","LAX",-23,6,2024
"United","DEN","LAX",-23,6,2024
"United","DEN","LAX",-8,6,2024
"Delta","DEN","LAX",-26,6,2024
"Delta","DEN","LAX",-19,6,2024
"Delta","DEN","LAX",280,6,2024
"United","DEN","LAX",-27,6,2024
"United","DEN","LAX",-20,6,2024
"United","DEN","LAX",-26,6,2024
"United","DEN","LAX",1,6,2024
"United","DEN","LAX",-18,6,2024
"United","DEN","LAX",-4,6,2024
"United","DEN","LAX",-7,6,2024
"United","DEN","LAX",20,6,2024
"United","DEN","LAX",53,6,2024
"Delta","DEN","LAX",-23,6,2024
"Delta","DEN","LAX",-15,6,2024
"Delta","DEN","LAX",-6,6,2024
"United","DEN","LAX",-15,6,2024
"United","DEN","LAX",0,6,2024
"United","DEN","LAX",-15,6,2024
"United","DEN","LAX",-7,6,2024
"United","DEN","LAX",-13,6,2024
"United","DEN","LAX",-10,6,2024
"United","DEN","LAX",10,6,2024
"United","DEN","LAX",21,6,2024
"United","DEN","LAX",67,6,2024
"Delta","DEN","LAX",101,6,2024
"Delta","DEN","LAX",371,6,2024
"Delta","DEN","LAX",952,6,2024
"United","DEN","LAX",-4,6,2024
"United","DEN","LAX",-14,6,2024
"United","DEN","LAX",12,6,2024
"United","DEN","LAX",-18,6,2024
"United","DEN","LAX",-13,6,2024
"United","DEN","LAX",-5,6,2024
"United","DEN","LAX",31,6,2024
"United","DEN","LAX",164,6,2024
"United","DEN","LAX",453,6,2024
"Delta","DEN","LAX",-7,6,2024
"Delta","DEN","LAX",-17,6,2024
"Delta","DEN","LAX",70,6,2024
"United","DEN","LAX",-13,6,2024
"United","DEN","LAX",-5,6,2024
"United","DEN","LAX",-8,6,2024
"United","DEN","LAX",-8,6,2024
"United","DEN","LAX",-1,6,2024
"United","DEN","LAX",8,6,2024
"United","DEN","LAX",12,6,2024
"United","DEN","LAX",53,6,2024
"Delta","DEN","LAX",-14,6,2024
"Delta","DEN","LAX",-15,6,2024
"Delta","DEN","LAX",81,6,2024
"United","DEN","LAX",-12,6,2024
"United","DEN","LAX",-6,6,2024
"United","DEN","LAX",-4,6,2024
"United","DEN","LAX",-12,6,2024
"United","DEN","LAX",-1,6,2024
"United","DEN","LAX",8,6,2024
"United","DEN","LAX",-4,6,2024
"United","DEN","LAX",53,6,2024
"United","DEN","LAX",104,6,2024
"Delta","DEN","LAX",-11,6,2024
"Delta","DEN","LAX",-16,6,2024
"Delta","DEN","LAX",-12,6,2024
"United","DEN","LAX",-25,6,2024
"United","DEN","LAX",-17,6,2024
"United","DEN","LAX",-25,6,2024
"United","DEN","LAX",-17,6,2024
"United","DEN","LAX",7,6,2024
"United","DEN","LAX",-8,6,2024
"United","DEN","LAX",-11,6,2024
"United","DEN","LAX",-1,6,2024
"United","DEN","LAX",-4,6,2024
"Delta","DEN","LAX",-25,6,2024
"Delta","DEN","LAX",-11,6,2024
"Delta","DEN","LAX",7,6,2024
"United","DEN","LAX",-30,6,2024
"United","DEN","LAX",-19,6,2024
"United","DEN","LAX",-26,6,2024
"United","DEN","LAX",-26,6,2024
"United","DEN","LAX",-25,6,2024
"United","DEN","LAX",-18,6,2024
"United","DEN","LAX",-14,6,2024
"United","DEN","LAX",-23,6,2024
"United","DEN","LAX",-11,6,2024
"Delta","DEN","LAX",-27,6,2024
"Delta","DEN","LAX",4,6,2024
"Delta","DEN","LAX",-14,6,2024
"United","DEN","LAX",-18,6,2024
"United","DEN","LAX",-13,6,2024
"United","DEN","LAX",-5,6,2024
"United","DEN","LAX",-14,6,2024
"United","DEN","LAX",2,6,2024
"United","DEN","LAX",16,6,2024
"United","DEN","LAX",5,6,2024
"United","DEN","LAX",-8,6,2024
"United","DEN","LAX",6,6,2024
"Delta","DEN","LAX",-13,6,2024
"Delta","DEN","LAX",16,6,2024
"Delta","DEN","LAX",194,6,2024
"United","DEN","LAX",-5,6,2024
"United","DEN","LAX",-5,6,2024
"United","DEN","LAX",-9,6,2024
"United","DEN","LAX",-8,6,2024
"United","DEN","LAX",-8,6,2024
"United","DEN","LAX",-8,6,2024
"United","DEN","LAX",-1,6,2024
"United","DEN","LAX",28,6,2024
"United","DEN","LAX",37,6,2024
"Delta","DEN","LAX",-13,6,2024
"Delta","DEN","LAX",12,6,2024
"Delta","DEN","LAX",220,6,2024
"United","DEN","LAX",0,6,2024
"United","DEN","LAX",-5,6,2024
"United","DEN","LAX",-8,6,2024
"United","DEN","LAX",0,6,2024
"United","DEN","LAX",-2,6,2024
"United","DEN","LAX",8,6,2024
"United","DEN","LAX",21,6,2024
"United","DEN","LAX",68,6,2024
"United","DEN","LAX",227,6,2024
"Delta","DEN","LAX",-25,6,2024
"Delta","DEN","LAX",0,6,2024
"Delta","DEN","LAX",-8,6,2024
"United","DEN","LAX",-16,6,2024
"United","DEN","LAX",-14,6,2024
"United","DEN","LAX",-10,6,2024
"United","DEN","LAX",-16,6,2024
"United","DEN","LAX",15,6,2024
"United","DEN","LAX",49,6,2024
"United","DEN","LAX",39,6,2024
"United","DEN","LAX",70,6,2024
"Delta","DEN","LAX",-15,6,2024
"Delta","DEN","LAX",8,6,2024
"Delta","DEN","LAX",5,6,2024
"United","DEN","LAX",-10,6,2024
"United","DEN","LAX",-14,6,2024
"United","DEN","LAX",-2,6,2024
"United","DEN","LAX",-10,6,2024
"United","DEN","LAX",-11,6,2024
"United","DEN","LAX",1,6,2024
"United","DEN","LAX",-2,6,2024
"United","DEN","LAX",27,6,2024
"United","DEN","LAX",5,6,2024
"Delta","DEN","LAX",-10,6,2024
"Delta","DEN","LAX",-2,6,2024
"Delta","DEN","LAX",-6,6,2024
"United","DEN","LAX",-9,6,2024
"United","DEN","LAX",-5,6,2024
"United","DEN","LAX",-16,6,2024
"United","DEN","LAX",24,6,2024
"United","DEN","LAX",-7,6,2024
"United","DEN","LAX",-4,6,2024
"United","DEN","LAX",16,6,2024
"United","DEN","LAX",76,6,2024
"United","DEN","LAX",85,6,2024
"Delta","DEN","LAX",-11,6,2024
"Delta","DEN","LAX",-1,6,2024
"Delta","DEN","LAX",16,6,2024
"United","DEN","LAX",-3,6,2024
"United","DEN","LAX",2,6,2024
"United","DEN","LAX",-2,6,2024
"United","DEN","LAX",-4,6,2024
"United","DEN","LAX",-5,6,2024
"United","DEN","LAX",1,6,2024
"United","DEN","LAX",16,6,2024
"United","DEN","LAX",16,6,2024
"United","DEN","LAX",34,6,2024
"Delta","DEN","LAX",-4,6,2024
"Delta","DEN","LAX",-1,6,2024
"Delta","DEN","LAX",56,6,2024
"United","DEN","LAX",-8,6,2024
"United","DEN","LAX",-12,6,2024
"United","DEN","LAX",-1,6,2024
"United","DEN","LAX",-9,6,2024
"United","DEN","LAX",-7,6,2024
"United","DEN","LAX",-10,6,2024
"United","DEN","LAX",15,6,2024
"United","DEN","LAX",20,6,2024
"United","DEN","LAX",54,6,2024
"Delta","DEN","LAX",-4,6,2024
"Delta","DEN","LAX",-8,6,2024
"Delta","DEN","LAX",114,6,2024
"United","DEN","LAX",-26,6,2024
"United","DEN","LAX",-5,6,2024
"United","DEN","LAX",20,6,2024
"United","DEN","LAX",28,6,2024
"United","DEN","LAX",37,6,2024
"United","DEN","LAX",70,6,2024
"United","DEN","LAX",48,6,2024
"United","DEN","LAX",61,6,2024
"United","DEN","LAX",195,6,2024
"Delta","DEN","LAX",-5,6,2024
"Delta","DEN","LAX",3,6,2024
"Delta","DEN","LAX",62,6,2024
"United","DEN","LAX",4,6,2024
"United","DEN","LAX",-2,6,2024
"United","DEN","LAX",17,6,2024
"United","DEN","LAX",6,6,2024
"United","DEN","LAX",12,6,2024
"United","DEN","LAX",19,6,2024
"United","DEN","LAX",30,6,2024
"United","DEN","LAX",62,6,2024
"United","DEN","LAX",64,6,2024
"Delta","DEN","LAX",-14,6,2024
"Delta","DEN","LAX",1,6,2024
"Delta","DEN","LAX",438,6,2024
"United","DEN","LAX",2,6,2024
"United","DEN","LAX",-11,6,2024
"United","DEN","LAX",-12,6,2024
"United","DEN","LAX",-4,6,2024
"United","DEN","LAX",-7,6,2024
"United","DEN","LAX",5,6,2024
"United","DEN","LAX",63,6,2024
"United","DEN","LAX",147,6,2024
"Delta","DEN","LAX",0,6,2024
"Delta","DEN","LAX",80,6,2024
"Delta","DEN","LAX",174,6,2024
"United","DEN","LAX",-12,6,2024
"United","DEN","LAX",-6,6,2024
"United","DEN","LAX",-4,6,2024
"United","DEN","LAX",2,6,2024
"United","DEN","LAX",13,6,2024
"United","DEN","LAX",22,6,2024
"United","DEN","LAX",35,6,2024
"United","DEN","LAX",32,6,2024
"United","DEN","LAX",161,6,2024
"Delta","DEN","LAX",2,6,2024
"Delta","DEN","LAX",20,6,2024
"Delta","DEN","LAX",30,6,2024
"United","DEN","LAX",-9,6,2024
"United","DEN","LAX",-20,6,2024
"United","DEN","LAX",-7,6,2024
"United","DEN","LAX",1,6,2024
"United","DEN","LAX",0,6,2024
"United","DEN","LAX",10,6,2024
"United","DEN","LAX",0,6,2024
"United","DEN","LAX",21,6,2024
"United","DEN","LAX",-2,6,2024
"Delta","DEN","LAX",-17,6,2024
"Delta","DEN","LAX",-16,6,2024
"Delta","DEN","LAX",-15,6,2024
"United","DEN","LAX",-15,6,2024
"United","DEN","LAX",-15,6,2024
"United","DEN","LAX",-9,6,2024
"United","DEN","LAX",-18,6,2024
"United","DEN","LAX",-10,6,2024
"United","DEN","LAX",-12,6,2024
"United","DEN","LAX",10,6,2024
"United","DEN","LAX",138,6,2024
"United","DEN","LAX",129,6,2024
"Delta","DEN","LAX",-10,6,2024
"Delta","DEN","LAX",4,6,2024
"Delta","DEN","LAX",131,6,2024
"United","DEN","LAX",-6,6,2024
"United","DEN","LAX",10,6,2024
"United","DEN","LAX",-11,6,2024
"United","DEN","LAX",-3,6,2024
"United","DEN","LAX",3,6,2024
"United","DEN","LAX",9,6,2024
"United","DEN","LAX",30,6,2024
"United","DEN","LAX",51,6,2024
"United","DEN","LAX",122,6,2024
"Delta","DEN","LAX",-1,6,2024
"Delta","DEN","LAX",16,6,2024
"Delta","DEN","LAX",68,6,2024
"United","DEN","LAX",-7,6,2024
"United","DEN","LAX",1,6,2024
"United","DEN","LAX",-13,6,2024
"United","DEN","LAX",7,6,2024
"United","DEN","LAX",-8,6,2024
"United","DEN","LAX",10,6,2024
"United","DEN","LAX",7,6,2024
"United","DEN","LAX",1,6,2024
"United","DEN","LAX",25,6,2024
"Delta","DEN","LAX",12,6,2024
"Delta","DEN","LAX",11,6,2024
"Delta","DEN","LAX",838,6,2024
"United","DEN","LAX",-14,6,2024
"United","DEN","LAX",-8,6,2024
"United","DEN","LAX",-14,6,2024
"United","DEN","LAX",-3,6,2024
"United","DEN","LAX",0,6,2024
"United","DEN","LAX",10,6,2024
"United","DEN","LAX",15,6,2024
"United","DEN","LAX",38,6,2024
"United","DEN","LAX",11,6,2024
"Delta","DEN","LAX",-15,6,2024
"Delta","DEN","LAX",23,6,2024
"Delta","DEN","LAX",213,6,2024
"United","DEN","LAX",-4,6,2024
"United","DEN","LAX",-2,6,2024
"United","DEN","LAX",64,6,2024
"United","DEN","LAX",-12,6,2024
"United","DEN","LAX",-9,6,2024
"United","DEN","LAX",24,6,2024
"United","DEN","LAX",1,6,2024
"United","DEN","LAX",4,6,2024
"Delta","DEN","LAX",-1,6,2024
"Delta","DEN","LAX",8,6,2024
"Delta","DEN","LAX",200,6,2024
"United","DEN","LAX",-8,6,2024
"United","DEN","LAX",-7,6,2024
"United","DEN","LAX",-14,6,2024
"United","DEN","LAX",-5,6,2024
"United","DEN","LAX",5,6,2024
"United","DEN","LAX",8,6,2024
"United","DEN","LAX",19,6,2024
"United","DEN","LAX",34,6,2024
"United","DEN","LAX",69,6,2024
"Delta","DEN","LAX",-26,3,2024
"Delta","DEN","LAX",-10,3,2024
"Delta","DEN","LAX",-5,3,2024
"United","DEN","LAX",-17,3,2024
"United","DEN","LAX",19,3,2024
"United","DEN","LAX",-18,3,2024
"United","DEN","LAX",-13,3,2024
"United","DEN","LAX",-12,3,2024
"United","DEN","LAX",-16,3,2024
"United","DEN","LAX",-8,3,2024
"United","DEN","LAX",7,3,2024
"United","DEN","LAX",79,3,2024
"Delta","DEN","LAX",-21,3,2024
"Delta","DEN","LAX",0,3,2024
"Delta","DEN","LAX",46,3,2024
"United","DEN","LAX",-9,3,2024
"United","DEN","LAX",6,3,2024
"United","DEN","LAX",20,3,2024
"United","DEN","LAX",2,3,2024
"United","DEN","LAX",10,3,2024
"United","DEN","LAX",13,3,2024
"United","DEN","LAX",51,3,2024
"Delta","DEN","LAX",8,3,2024
"Delta","DEN","LAX",13,3,2024
"Delta","DEN","LAX",-4,3,2024
"United","DEN","LAX",-7,3,2024
"United","DEN","LAX",6,3,2024
"United","DEN","LAX",9,3,2024
"United","DEN","LAX",9,3,2024
"United","DEN","LAX",17,3,2024
"United","DEN","LAX",8,3,2024
"United","DEN","LAX",4,3,2024
"United","DEN","LAX",10,3,2024
"Delta","DEN","LAX",-12,3,2024
"Delta","DEN","LAX",-2,3,2024
"Delta","DEN","LAX",294,3,2024
"United","DEN","LAX",2,3,2024
"United","DEN","LAX",-15,3,2024
"United","DEN","LAX",-14,3,2024
"United","DEN","LAX",-13,3,2024
"United","DEN","LAX",-10,3,2024
"United","DEN","LAX",-3,3,2024
"United","DEN","LAX",2,3,2024
"United","DEN","LAX",-1,3,2024
"United","DEN","LAX",12,3,2024
"Delta","DEN","LAX",-13,3,2024
"Delta","DEN","LAX",-9,3,2024
"Delta","DEN","LAX",-8,3,2024
"United","DEN","LAX",-14,3,2024
"United","DEN","LAX",-10,3,2024
"United","DEN","LAX",-8,3,2024
"United","DEN","LAX",4,3,2024
"United","DEN","LAX",-14,3,2024
"United","DEN","LAX",14,3,2024
"United","DEN","LAX",31,3,2024
"Delta","DEN","LAX",-12,3,2024
"Delta","DEN","LAX",-2,3,2024
"Delta","DEN","LAX",-8,3,2024
"United","DEN","LAX",-12,3,2024
"United","DEN","LAX",-8,3,2024
"United","DEN","LAX",-14,3,2024
"United","DEN","LAX",5,3,2024
"United","DEN","LAX",6,3,2024
"United","DEN","LAX",10,3,2024
"United","DEN","LAX",17,3,2024
"Delta","DEN","LAX",-16,3,2024
"Delta","DEN","LAX",1,3,2024
"Delta","DEN","LAX",21,3,2024
"United","DEN","LAX",-23,3,2024
"United","DEN","LAX",-23,3,2024
"United","DEN","LAX",-10,3,2024
"United","DEN","LAX",-6,3,2024
"United","DEN","LAX",-14,3,2024
"United","DEN","LAX",32,3,2024
"United","DEN","LAX",18,3,2024
"United","DEN","LAX",25,3,2024
"United","DEN","LAX",161,3,2024
"Delta","DEN","LAX",-11,3,2024
"Delta","DEN","LAX",13,3,2024
"Delta","DEN","LAX",44,3,2024
"United","DEN","LAX",-19,3,2024
"United","DEN","LAX",-13,3,2024
"United","DEN","LAX",26,3,2024
"United","DEN","LAX",-8,3,2024
"United","DEN","LAX",-21,3,2024
"United","DEN","LAX",-26,3,2024
"United","DEN","LAX",17,3,2024
"United","DEN","LAX",47,3,2024
"United","DEN","LAX",83,3,2024
"Delta","DEN","LAX",-37,3,2024
"Delta","DEN","LAX",-22,3,2024
"Delta","DEN","LAX",-21,3,2024
"United","DEN","LAX",-27,3,2024
"United","DEN","LAX",-29,3,2024
"United","DEN","LAX",-26,3,2024
"United","DEN","LAX",-21,3,2024
"United","DEN","LAX",-25,3,2024
"United","DEN","LAX",-19,3,2024
"United","DEN","LAX",0,3,2024
"United","DEN","LAX",-15,3,2024
"United","DEN","LAX",2,3,2024
"Delta","DEN","LAX",-42,3,2024
"Delta","DEN","LAX",-19,3,2024
"Delta","DEN","LAX",-32,3,2024
"United","DEN","LAX",-20,3,2024
"United","DEN","LAX",-28,3,2024
"United","DEN","LAX",-25,3,2024
"United","DEN","LAX",-15,3,2024
"United","DEN","LAX",-12,3,2024
"United","DEN","LAX",-21,3,2024
"United","DEN","LAX",-6,3,2024
"United","DEN","LAX",-10,3,2024
"United","DEN","LAX",-3,3,2024
"Delta","DEN","LAX",-30,3,2024
"Delta","DEN","LAX",1,3,2024
"Delta","DEN","LAX",40,3,2024
"United","DEN","LAX",-16,3,2024
"United","DEN","LAX",-17,3,2024
"United","DEN","LAX",9,3,2024
"United","DEN","LAX",-18,3,2024
"United","DEN","LAX",-20,3,2024
"United","DEN","LAX",-12,3,2024
"United","DEN","LAX",13,3,2024
"United","DEN","LAX",-11,3,2024
"United","DEN","LAX",1,3,2024
"Delta","DEN","LAX",-43,3,2024
"Delta","DEN","LAX",-8,3,2024
"Delta","DEN","LAX",-11,3,2024
"United","DEN","LAX",-18,3,2024
"United","DEN","LAX",-17,3,2024
"United","DEN","LAX",-15,3,2024
"United","DEN","LAX",-13,3,2024
"United","DEN","LAX",-2,3,2024
"United","DEN","LAX",-7,3,2024
"United","DEN","LAX",-4,3,2024
"United","DEN","LAX",-6,3,2024
"United","DEN","LAX",2,3,2024
"Delta","DEN","LAX",-30,3,2024
"Delta","DEN","LAX",-24,3,2024
"Delta","DEN","LAX",37,3,2024
"United","DEN","LAX",-21,3,2024
"United","DEN","LAX",-29,3,2024
"United","DEN","LAX",-24,3,2024
"United","DEN","LAX",-18,3,2024
"United","DEN","LAX",-4,3,2024
"United","DEN","LAX",10,3,2024
"United","DEN","LAX",-20,3,2024
"United","DEN","LAX",36,3,2024
"United","DEN","LAX",3,3,2024
"Delta","DEN","LAX",17,3,2024
"Delta","DEN","LAX",253,3,2024
"Delta","DEN","LAX",299,3,2024
"United","DEN","LAX",16,3,2024
"United","DEN","LAX",-4,3,2024
"United","DEN","LAX",56,3,2024
"United","DEN","LAX",3,3,2024
"United","DEN","LAX",8,3,2024
"United","DEN","LAX",37,3,2024
"United","DEN","LAX",51,3,2024
"Delta","DEN","LAX",-15,3,2024
"Delta","DEN","LAX",-8,3,2024
"Delta","DEN","LAX",0,3,2024
"United","DEN","LAX",-25,3,2024
"United","DEN","LAX",-15,3,2024
"United","DEN","LAX",-2,3,2024
"United","DEN","LAX",-25,3,2024
"United","DEN","LAX",-20,3,2024
"United","DEN","LAX",-7,3,2024
"United","DEN","LAX",-1,3,2024
"United","DEN","LAX",-3,3,2024
"United","DEN","LAX",176,3,2024
"Delta","DEN","LAX",-24,3,2024
"Delta","DEN","LAX",-22,3,2024
"Delta","DEN","LAX",-26,3,2024
"United","DEN","LAX",-31,3,2024
"United","DEN","LAX",-22,3,2024
"United","DEN","LAX",-5,3,2024
"United","DEN","LAX",5,3,2024
"United","DEN","LAX",-30,3,2024
"United","DEN","LAX",-28,3,2024
"United","DEN","LAX",-16,3,2024
"United","DEN","LAX",-16,3,2024
"United","DEN","LAX",8,3,2024
"Delta","DEN","LAX",-35,3,2024
"Delta","DEN","LAX",-10,3,2024
"Delta","DEN","LAX",-14,3,2024
"United","DEN","LAX",-37,3,2024
"United","DEN","LAX",-36,3,2024
"United","DEN","LAX",-26,3,2024
"United","DEN","LAX",-18,3,2024
"United","DEN","LAX",-25,3,2024
"United","DEN","LAX",-35,3,2024
"United","DEN","LAX",-32,3,2024
"United","DEN","LAX",-12,3,2024
"United","DEN","LAX",-16,3,2024
"Delta","DEN","LAX",-21,3,2024
"Delta","DEN","LAX",-30,3,2024
"Delta","DEN","LAX",92,3,2024
"United","DEN","LAX",-33,3,2024
"United","DEN","LAX",-36,3,2024
"United","DEN","LAX",-13,3,2024
"United","DEN","LAX",-28,3,2024
"United","DEN","LAX",-25,3,2024
"United","DEN","LAX",-25,3,2024
"United","DEN","LAX",-6,3,2024
"United","DEN","LAX",-18,3,2024
"United","DEN","LAX",-21,3,2024
"Delta","DEN","LAX",-25,3,2024
"Delta","DEN","LAX",-45,3,2024
"Delta","DEN","LAX",-13,3,2024
"United","DEN","LAX",-38,3,2024
"United","DEN","LAX",-24,3,2024
"United","DEN","LAX",-29,3,2024
"United","DEN","LAX",-31,3,2024
"United","DEN","LAX",-29,3,2024
"United","DEN","LAX",-25,3,2024
"United","DEN","LAX",1,3,2024
"United","DEN","LAX",-24,3,2024
"United","DEN","LAX",-10,3,2024
"Delta","DEN","LAX",-50,3,2024
"Delta","DEN","LAX",-28,3,2024
"Delta","DEN","LAX",-30,3,2024
"United","DEN","LAX",9,3,2024
"United","DEN","LAX",-27,3,2024
"United","DEN","LAX",-35,3,2024
"United","DEN","LAX",-31,3,2024
"United","DEN","LAX",-18,3,2024
"United","DEN","LAX",-22,3,2024
"United","DEN","LAX",-20,3,2024
"United","DEN","LAX",-11,3,2024
"United","DEN","LAX",80,3,2024
"Delta","DEN","LAX",-17,3,2024
"Delta","DEN","LAX",-21,3,2024
"Delta","DEN","LAX",-17,3,2024
"United","DEN","LAX",-22,3,2024
"United","DEN","LAX",-20,3,2024
"United","DEN","LAX",-19,3,2024
"United","DEN","LAX",-19,3,2024
"United","DEN","LAX",-16,3,2024
"United","DEN","LAX",-3,3,2024
"United","DEN","LAX",-15,3,2024
"United","DEN","LAX",-5,3,2024
"United","DEN","LAX",8,3,2024
"Delta","DEN","LAX",7,3,2024
"Delta","DEN","LAX",-6,3,2024
"Delta","DEN","LAX",34,3,2024
"United","DEN","LAX",-11,3,2024
"United","DEN","LAX",-16,3,2024
"United","DEN","LAX",-2,3,2024
"United","DEN","LAX",-14,3,2024
"United","DEN","LAX",-18,3,2024
"United","DEN","LAX",12,3,2024
"United","DEN","LAX",-17,3,2024
"United","DEN","LAX",-12,3,2024
"United","DEN","LAX",-6,3,2024
"Delta","DEN","LAX",-17,3,2024
"Delta","DEN","LAX",-26,3,2024
"Delta","DEN","LAX",60,3,2024
"United","DEN","LAX",-2,3,2024
"United","DEN","LAX",-7,3,2024
"United","DEN","LAX",7,3,2024
"United","DEN","LAX",-3,3,2024
"United","DEN","LAX",-8,3,2024
"United","DEN","LAX",-2,3,2024
"United","DEN","LAX",16,3,2024
"United","DEN","LAX",22,3,2024
"United","DEN","LAX",41,3,2024
"Delta","DEN","LAX",-30,3,2024
"Delta","DEN","LAX",-15,3,2024
"Delta","DEN","LAX",-42,3,2024
"United","DEN","LAX",-21,3,2024
"United","DEN","LAX",-18,3,2024
"United","DEN","LAX",-18,3,2024
"United","DEN","LAX",-16,3,2024
"United","DEN","LAX",-20,3,2024
"United","DEN","LAX",-8,3,2024
"United","DEN","LAX",-7,3,2024
"United","DEN","LAX",-4,3,2024
"United","DEN","LAX",0,3,2024
"Delta","DEN","LAX",-20,3,2024
"Delta","DEN","LAX",-1,3,2024
"Delta","DEN","LAX",95,3,2024
"United","DEN","LAX",-9,3,2024
"United","DEN","LAX",-4,3,2024
"United","DEN","LAX",6,3,2024
"United","DEN","LAX",-14,3,2024
"United","DEN","LAX",-11,3,2024
"United","DEN","LAX",-3,3,2024
"United","DEN","LAX",-4,3,2024
"United","DEN","LAX",16,3,2024
"United","DEN","LAX",60,3,2024
"Delta","DEN","LAX",-29,3,2024
"Delta","DEN","LAX",-11,3,2024
"Delta","DEN","LAX",-17,3,2024
"United","DEN","LAX",-16,3,2024
"United","DEN","LAX",-13,3,2024
"United","DEN","LAX",-26,3,2024
"United","DEN","LAX",10,3,2024
"United","DEN","LAX",-28,3,2024
"United","DEN","LAX",-23,3,2024
"United","DEN","LAX",-26,3,2024
"United","DEN","LAX",-22,3,2024
"United","DEN","LAX",-19,3,2024
"Delta","DEN","LAX",-25,3,2024
"Delta","DEN","LAX",-19,3,2024
"Delta","DEN","LAX",-9,3,2024
"United","DEN","LAX",-15,3,2024
"United","DEN","LAX",-10,3,2024
"United","DEN","LAX",-17,3,2024
"United","DEN","LAX",-13,3,2024
"United","DEN","LAX",-20,3,2024
"United","DEN","LAX",16,3,2024
"United","DEN","LAX",-11,3,2024
"United","DEN","LAX",-16,3,2024
"United","DEN","LAX",64,3,2024
"Delta","DEN","LAX",-30,3,2024
"Delta","DEN","LAX",-8,3,2024
"Delta","DEN","LAX",-5,3,2024
"United","DEN","LAX",-9,3,2024
"United","DEN","LAX",-5,3,2024
"United","DEN","LAX",-11,3,2024
"United","DEN","LAX",-10,3,2024
"United","DEN","LAX",-1,3,2024
"United","DEN","LAX",2,3,2024
"United","DEN","LAX",3,3,2024
"United","DEN","LAX",49,3,2024
"United","DEN","LAX",73,3,2024
"Delta","DEN","LAX",-13,3,2024
"Delta","DEN","LAX",-17,3,2024
"Delta","DEN","LAX",108,3,2024
"United","DEN","LAX",-1,3,2024
"United","DEN","LAX",-13,3,2024
"United","DEN","LAX",0,3,2024
"United","DEN","LAX",2,3,2024
"United","DEN","LAX",-7,3,2024
"United","DEN","LAX",1,3,2024
"United","DEN","LAX",4,3,2024
"United","DEN","LAX",19,3,2024
"United","DEN","LAX",85,3,2024
"Delta","DEN","LAX",-2,3,2024
"Delta","DEN","LAX",10,3,2024
"Delta","DEN","LAX",-11,3,2024
"United","DEN","LAX",-10,3,2024
"United","DEN","LAX",14,3,2024
"United","DEN","LAX",-1,3,2024
"United","DEN","LAX",6,3,2024
"United","DEN","LAX",14,3,2024
"United","DEN","LAX",7,3,2024
"United","DEN","LAX",20,3,2024
"United","DEN","LAX",14,3,2024
"United","DEN","LAX",45,3,2024
"Delta","DEN","LAX",8,3,2024
"Delta","DEN","LAX",2,3,2024
"Delta","DEN","LAX",7,3,2024
"United","DEN","LAX",22,3,2024
"United","DEN","LAX",24,3,2024
"United","DEN","LAX",0,3,2024
"United","DEN","LAX",33,3,2024
"United","DEN","LAX",6,3,2024
"United","DEN","LAX",3,3,2024
"United","DEN","LAX",6,3,2024
"United","DEN","LAX",25,3,2024
"United","DEN","LAX",40,3,2024
"Delta","DEN","LAX",2,5,2024
"Delta","DEN","LAX",2,5,2024
"Delta","DEN","LAX",5,5,2024
"United","DEN","LAX",-9,5,2024
"United","DEN","LAX",-15,5,2024
"United","DEN","LAX",-10,5,2024
"United","DEN","LAX",7,5,2024
"United","DEN","LAX",11,5,2024
"United","DEN","LAX",9,5,2024
"United","DEN","LAX",16,5,2024
"United","DEN","LAX",33,5,2024
"Delta","DEN","LAX",-9,5,2024
"Delta","DEN","LAX",-1,5,2024
"Delta","DEN","LAX",12,5,2024
"United","DEN","LAX",-16,5,2024
"United","DEN","LAX",-9,5,2024
"United","DEN","LAX",-16,5,2024
"United","DEN","LAX",-13,5,2024
"United","DEN","LAX",-7,5,2024
"United","DEN","LAX",-4,5,2024
"United","DEN","LAX",-7,5,2024
"United","DEN","LAX",11,5,2024
"United","DEN","LAX",30,5,2024
"Delta","DEN","LAX",-9,5,2024
"Delta","DEN","LAX",-6,5,2024
"Delta","DEN","LAX",-6,5,2024
"United","DEN","LAX",-7,5,2024
"United","DEN","LAX",-1,5,2024
"United","DEN","LAX",-5,5,2024
"United","DEN","LAX",28,5,2024
"United","DEN","LAX",4,5,2024
"United","DEN","LAX",-4,5,2024
"United","DEN","LAX",17,5,2024
"United","DEN","LAX",125,5,2024
"Delta","DEN","LAX",2,5,2024
"Delta","DEN","LAX",-15,5,2024
"Delta","DEN","LAX",-10,5,2024
"United","DEN","LAX",-13,5,2024
"United","DEN","LAX",-12,5,2024
"United","DEN","LAX",1,5,2024
"United","DEN","LAX",-9,5,2024
"United","DEN","LAX",-13,5,2024
"United","DEN","LAX",1,5,2024
"United","DEN","LAX",1,5,2024
"United","DEN","LAX",20,5,2024
"United","DEN","LAX",48,5,2024
"Delta","DEN","LAX",4,5,2024
"Delta","DEN","LAX",0,5,2024
"Delta","DEN","LAX",2,5,2024
"United","DEN","LAX",0,5,2024
"United","DEN","LAX",-7,5,2024
"United","DEN","LAX",6,5,2024
"United","DEN","LAX",1,5,2024
"United","DEN","LAX",2,5,2024
"United","DEN","LAX",1,5,2024
"United","DEN","LAX",17,5,2024
"United","DEN","LAX",22,5,2024
"Delta","DEN","LAX",-11,5,2024
"Delta","DEN","LAX",27,5,2024
"Delta","DEN","LAX",-4,5,2024
"United","DEN","LAX",3,5,2024
"United","DEN","LAX",-2,5,2024
"United","DEN","LAX",11,5,2024
"United","DEN","LAX",62,5,2024
"United","DEN","LAX",36,5,2024
"United","DEN","LAX",70,5,2024
"United","DEN","LAX",73,5,2024
"United","DEN","LAX",139,5,2024
"United","DEN","LAX",218,5,2024
"Delta","DEN","LAX",-6,5,2024
"Delta","DEN","LAX",-9,5,2024
"Delta","DEN","LAX",29,5,2024
"United","DEN","LAX",-5,5,2024
"United","DEN","LAX",23,5,2024
"United","DEN","LAX",-4,5,2024
"United","DEN","LAX",4,5,2024
"United","DEN","LAX",9,5,2024
"United","DEN","LAX",20,5,2024
"United","DEN","LAX",27,5,2024
"United","DEN","LAX",46,5,2024
"United","DEN","LAX",115,5,2024
"Delta","DEN","LAX",-17,5,2024
"Delta","DEN","LAX",-13,5,2024
"Delta","DEN","LAX",-10,5,2024
"United","DEN","LAX",-12,5,2024
"United","DEN","LAX",-17,5,2024
"United","DEN","LAX",-27,5,2024
"United","DEN","LAX",-13,5,2024
"United","DEN","LAX",-10,5,2024
"United","DEN","LAX",-13,5,2024
"United","DEN","LAX",-17,5,2024
"United","DEN","LAX",3,5,2024
"United","DEN","LAX",39,5,2024
"Delta","DEN","LAX",-15,5,2024
"Delta","DEN","LAX",-7,5,2024
"Delta","DEN","LAX",-13,5,2024
"United","DEN","LAX",-24,5,2024
"United","DEN","LAX",-8,5,2024
"United","DEN","LAX",-20,5,2024
"United","DEN","LAX",-24,5,2024
"United","DEN","LAX",-11,5,2024
"United","DEN","LAX",-2,5,2024
"United","DEN","LAX",-10,5,2024
"United","DEN","LAX",-5,5,2024
"United","DEN","LAX",30,5,2024
"Delta","DEN","LAX",-21,5,2024
"Delta","DEN","LAX",-6,5,2024
"Delta","DEN","LAX",-1,5,2024
"United","DEN","LAX",-9,5,2024
"United","DEN","LAX",-8,5,2024
"United","DEN","LAX",-13,5,2024
"United","DEN","LAX",-10,5,2024
"United","DEN","LAX",-6,5,2024
"United","DEN","LAX",-8,5,2024
"United","DEN","LAX",-4,5,2024
"United","DEN","LAX",6,5,2024
"United","DEN","LAX",55,5,2024
"Delta","DEN","LAX",-14,5,2024
"Delta","DEN","LAX",-20,5,2024
"Delta","DEN","LAX",-16,5,2024
"United","DEN","LAX",-7,5,2024
"United","DEN","LAX",-17,5,2024
"United","DEN","LAX",-14,5,2024
"United","DEN","LAX",-12,5,2024
"United","DEN","LAX",-4,5,2024
"United","DEN","LAX",1,5,2024
"United","DEN","LAX",3,5,2024
"United","DEN","LAX",5,5,2024
"United","DEN","LAX",47,5,2024
"Delta","DEN","LAX",-22,5,2024
"Delta","DEN","LAX",-26,5,2024
"Delta","DEN","LAX",-7,5,2024
"United","DEN","LAX",-20,5,2024
"United","DEN","LAX",-23,5,2024
"United","DEN","LAX",-13,5,2024
"United","DEN","LAX",-18,5,2024
"United","DEN","LAX",-19,5,2024
"United","DEN","LAX",-16,5,2024
"United","DEN","LAX",-8,5,2024
"United","DEN","LAX",25,5,2024
"United","DEN","LAX",6,5,2024
"Delta","DEN","LAX",-23,5,2024
"Delta","DEN","LAX",-11,5,2024
"Delta","DEN","LAX",73,5,2024
"United","DEN","LAX",-18,5,2024
"United","DEN","LAX",-23,5,2024
"United","DEN","LAX",-20,5,2024
"United","DEN","LAX",-22,5,2024
"United","DEN","LAX",-13,5,2024
"United","DEN","LAX",-5,5,2024
"United","DEN","LAX",21,5,2024
"United","DEN","LAX",19,5,2024
"United","DEN","LAX",86,5,2024
"Delta","DEN","LAX",-19,5,2024
"Delta","DEN","LAX",-9,5,2024
"Delta","DEN","LAX",25,5,2024
"United","DEN","LAX",-21,5,2024
"United","DEN","LAX",1,5,2024
"United","DEN","LAX",-19,5,2024
"United","DEN","LAX",-18,5,2024
"United","DEN","LAX",-17,5,2024
"United","DEN","LAX",-15,5,2024
"United","DEN","LAX",-9,5,2024
"United","DEN","LAX",-17,5,2024
"United","DEN","LAX",-8,5,2024
"Delta","DEN","LAX",-14,5,2024
"Delta","DEN","LAX",-13,5,2024
"Delta","DEN","LAX",-6,5,2024
"United","DEN","LAX",-22,5,2024
"United","DEN","LAX",-16,5,2024
"United","DEN","LAX",-15,5,2024
"United","DEN","LAX",-11,5,2024
"United","DEN","LAX",-14,5,2024
"United","DEN","LAX",3,5,2024
"United","DEN","LAX",15,5,2024
"United","DEN","LAX",27,5,2024
"Delta","DEN","LAX",-15,5,2024
"Delta","DEN","LAX",-3,5,2024
"Delta","DEN","LAX",21,5,2024
"United","DEN","LAX",-34,5,2024
"United","DEN","LAX",-29,5,2024
"United","DEN","LAX",-4,5,2024
"United","DEN","LAX",-29,5,2024
"United","DEN","LAX",-24,5,2024
"United","DEN","LAX",-7,5,2024
"United","DEN","LAX",-10,5,2024
"United","DEN","LAX",0,5,2024
"United","DEN","LAX",48,5,2024
"Delta","DEN","LAX",-12,5,2024
"Delta","DEN","LAX",-17,5,2024
"Delta","DEN","LAX",110,5,2024
"United","DEN","LAX",-31,5,2024
"United","DEN","LAX",-19,5,2024
"United","DEN","LAX",-17,5,2024
"United","DEN","LAX",-1,5,2024
"United","DEN","LAX",-19,5,2024
"United","DEN","LAX",-8,5,2024
"United","DEN","LAX",-7,5,2024
"United","DEN","LAX",-14,5,2024
"United","DEN","LAX",9,5,2024
"Delta","DEN","LAX",-12,5,2024
"Delta","DEN","LAX",-12,5,2024
"Delta","DEN","LAX",0,5,2024
"United","DEN","LAX",-9,5,2024
"United","DEN","LAX",-2,5,2024
"United","DEN","LAX",-12,5,2024
"United","DEN","LAX",-2,5,2024
"United","DEN","LAX",1,5,2024
"United","DEN","LAX",-3,5,2024
"United","DEN","LAX",-6,5,2024
"United","DEN","LAX",4,5,2024
"United","DEN","LAX",36,5,2024
"Delta","DEN","LAX",-16,5,2024
"Delta","DEN","LAX",-16,5,2024
"Delta","DEN","LAX",-12,5,2024
"United","DEN","LAX",-21,5,2024
"United","DEN","LAX",-6,5,2024
"United","DEN","LAX",-8,5,2024
"United","DEN","LAX",-11,5,2024
"United","DEN","LAX",-5,5,2024
"United","DEN","LAX",10,5,2024
"United","DEN","LAX",13,5,2024
"United","DEN","LAX",74,5,2024
"United","DEN","LAX",115,5,2024
"Delta","DEN","LAX",2,5,2024
"Delta","DEN","LAX",7,5,2024
"Delta","DEN","LAX",89,5,2024
"United","DEN","LAX",-7,5,2024
"United","DEN","LAX",4,5,2024
"United","DEN","LAX",-8,5,2024
"United","DEN","LAX",5,5,2024
"United","DEN","LAX",3,5,2024
"United","DEN","LAX",9,5,2024
"United","DEN","LAX",2,5,2024
"United","DEN","LAX",102,5,2024
"United","DEN","LAX",141,5,2024
"Delta","DEN","LAX",-2,5,2024
"Delta","DEN","LAX",88,5,2024
"Delta","DEN","LAX",59,5,2024
"United","DEN","LAX",-10,5,2024
"United","DEN","LAX",-9,5,2024
"United","DEN","LAX",14,5,2024
"United","DEN","LAX",-2,5,2024
"United","DEN","LAX",-4,5,2024
"United","DEN","LAX",-3,5,2024
"United","DEN","LAX",19,5,2024
"United","DEN","LAX",17,5,2024
"United","DEN","LAX",86,5,2024
"Delta","DEN","LAX",-14,5,2024
"Delta","DEN","LAX",-22,5,2024
"Delta","DEN","LAX",-9,5,2024
"United","DEN","LAX",-19,5,2024
"United","DEN","LAX",1,5,2024
"United","DEN","LAX",-18,5,2024
"United","DEN","LAX",-14,5,2024
"United","DEN","LAX",-1,5,2024
"United","DEN","LAX",-16,5,2024
"United","DEN","LAX",-11,5,2024
"United","DEN","LAX",-6,5,2024
"United","DEN","LAX",13,5,2024
"Delta","DEN","LAX",5,5,2024
"Delta","DEN","LAX",17,5,2024
"Delta","DEN","LAX",-5,5,2024
"United","DEN","LAX",-1,5,2024
"United","DEN","LAX",-9,5,2024
"United","DEN","LAX",-11,5,2024
"United","DEN","LAX",-5,5,2024
"United","DEN","LAX",-8,5,2024
"United","DEN","LAX",-2,5,2024
"United","DEN","LAX",1,5,2024
"United","DEN","LAX",-4,5,2024
"United","DEN","LAX",1052,5,2024
"Delta","DEN","LAX",10,5,2024
"Delta","DEN","LAX",25,5,2024
"Delta","DEN","LAX",41,5,2024
"United","DEN","LAX",-8,5,2024
"United","DEN","LAX",-6,5,2024
"United","DEN","LAX",-8,5,2024
"United","DEN","LAX",-7,5,2024
"United","DEN","LAX",-7,5,2024
"United","DEN","LAX",-9,5,2024
"United","DEN","LAX",-1,5,2024
"United","DEN","LAX",16,5,2024
"United","DEN","LAX",65,5,2024
"Delta","DEN","LAX",-4,5,2024
"Delta","DEN","LAX",-13,5,2024
"Delta","DEN","LAX",3,5,2024
"United","DEN","LAX",-16,5,2024
"United","DEN","LAX",2,5,2024
"United","DEN","LAX",5,5,2024
"United","DEN","LAX",11,5,2024
"United","DEN","LAX",8,5,2024
"United","DEN","LAX",22,5,2024
"United","DEN","LAX",47,5,2024
"United","DEN","LAX",38,5,2024
"Delta","DEN","LAX",-13,5,2024
"Delta","DEN","LAX",-20,5,2024
"Delta","DEN","LAX",116,5,2024
"United","DEN","LAX",-10,5,2024
"United","DEN","LAX",-1,5,2024
"United","DEN","LAX",-20,5,2024
"United","DEN","LAX",-12,5,2024
"United","DEN","LAX",-16,5,2024
"United","DEN","LAX",-8,5,2024
"United","DEN","LAX",-1,5,2024
"United","DEN","LAX",4,5,2024
"Delta","DEN","LAX",-10,5,2024
"Delta","DEN","LAX",16,5,2024
"Delta","DEN","LAX",39,5,2024
"United","DEN","LAX",-10,5,2024
"United","DEN","LAX",-14,5,2024
"United","DEN","LAX",-19,5,2024
"United","DEN","LAX",-16,5,2024
"United","DEN","LAX",-9,5,2024
"United","DEN","LAX",-5,5,2024
"United","DEN","LAX",-12,5,2024
"United","DEN","LAX",40,5,2024
"United","DEN","LAX",109,5,2024
"Delta","DEN","LAX",-16,5,2024
"Delta","DEN","LAX",-12,5,2024
"Delta","DEN","LAX",96,5,2024
"United","DEN","LAX",-12,5,2024
"United","DEN","LAX",-11,5,2024
"United","DEN","LAX",-14,5,2024
"United","DEN","LAX",-16,5,2024
"United","DEN","LAX",-11,5,2024
"United","DEN","LAX",-5,5,2024
"United","DEN","LAX",-5,5,2024
"United","DEN","LAX",53,5,2024
"United","DEN","LAX",1,5,2024
"Delta","DEN","LAX",-1,5,2024
"Delta","DEN","LAX",10,5,2024
"Delta","DEN","LAX",204,5,2024
"United","DEN","LAX",-11,5,2024
"United","DEN","LAX",79,5,2024
"United","DEN","LAX",-5,5,2024
"United","DEN","LAX",1,5,2024
"United","DEN","LAX",-11,5,2024
"United","DEN","LAX",12,5,2024
"United","DEN","LAX",31,5,2024
"United","DEN","LAX",42,5,2024
"United","DEN","LAX",56,5,2024
"Delta","DEN","LAX",-28,5,2024
"Delta","DEN","LAX",-13,5,2024
"Delta","DEN","LAX",2,5,2024
"United","DEN","LAX",-24,5,2024
"United","DEN","LAX",-16,5,2024
"United","DEN","LAX",-14,5,2024
"United","DEN","LAX",-5,5,2024
"United","DEN","LAX",-12,5,2024
"United","DEN","LAX",-10,5,2024
"United","DEN","LAX",-4,5,2024
"United","DEN","LAX",22,5,2024
"United","DEN","LAX",33,5,2024
"Delta","DEN","LAX",-18,5,2024
"Delta","DEN","LAX",161,5,2024
"Delta","DEN","LAX",128,5,2024
"United","DEN","LAX",-17,5,2024
"United","DEN","LAX",-10,5,2024
"United","DEN","LAX",-9,5,2024
"United","DEN","LAX",-7,5,2024
"United","DEN","LAX",-4,5,2024
"United","DEN","LAX",3,5,2024
"United","DEN","LAX",-9,5,2024
"United","DEN","LAX",26,5,2024
"United","DEN","LAX",128,5,2024
"Delta","DEN","LAX",-16,11,2024
"Delta","DEN","LAX",-22,11,2024
"Delta","DEN","LAX",-15,11,2024
"United","DEN","LAX",-13,11,2024
"United","DEN","LAX",3,11,2024
"United","DEN","LAX",-10,11,2024
"United","DEN","LAX",-7,11,2024
"United","DEN","LAX",-15,11,2024
"United","DEN","LAX",-15,11,2024
"United","DEN","LAX",-9,11,2024
"United","DEN","LAX",-9,11,2024
"United","DEN","LAX",10,11,2024
"Delta","DEN","LAX",-16,11,2024
"Delta","DEN","LAX",3,11,2024
"Delta","DEN","LAX",-2,11,2024
"United","DEN","LAX",-28,11,2024
"United","DEN","LAX",-12,11,2024
"United","DEN","LAX",-24,11,2024
"United","DEN","LAX",-12,11,2024
"United","DEN","LAX",-15,11,2024
"United","DEN","LAX",-3,11,2024
"United","DEN","LAX",-20,11,2024
"United","DEN","LAX",3,11,2024
"United","DEN","LAX",-11,11,2024
"Delta","DEN","LAX",-17,11,2024
"Delta","DEN","LAX",-25,11,2024
"Delta","DEN","LAX",-23,11,2024
"United","DEN","LAX",-23,11,2024
"United","DEN","LAX",-13,11,2024
"United","DEN","LAX",-21,11,2024
"United","DEN","LAX",-19,11,2024
"United","DEN","LAX",-17,11,2024
"United","DEN","LAX",-26,11,2024
"United","DEN","LAX",-12,11,2024
"United","DEN","LAX",-9,11,2024
"United","DEN","LAX",103,11,2024
"Delta","DEN","LAX",-13,11,2024
"Delta","DEN","LAX",-13,11,2024
"Delta","DEN","LAX",-14,11,2024
"United","DEN","LAX",-29,11,2024
"United","DEN","LAX",1,11,2024
"United","DEN","LAX",-12,11,2024
"United","DEN","LAX",-12,11,2024
"United","DEN","LAX",-10,11,2024
"United","DEN","LAX",-22,11,2024
"United","DEN","LAX",-20,11,2024
"United","DEN","LAX",-10,11,2024
"United","DEN","LAX",-19,11,2024
"Delta","DEN","LAX",6,11,2024
"Delta","DEN","LAX",-11,11,2024
"Delta","DEN","LAX",89,11,2024
"United","DEN","LAX",-23,11,2024
"United","DEN","LAX",-18,11,2024
"United","DEN","LAX",-9,11,2024
"United","DEN","LAX",17,11,2024
"United","DEN","LAX",-12,11,2024
"United","DEN","LAX",-19,11,2024
"United","DEN","LAX",5,11,2024
"United","DEN","LAX",34,11,2024
"United","DEN","LAX",44,11,2024
"Delta","DEN","LAX",22,11,2024
"Delta","DEN","LAX",10,11,2024
"Delta","DEN","LAX",64,11,2024
"United","DEN","LAX",-4,11,2024
"United","DEN","LAX",8,11,2024
"United","DEN","LAX",46,11,2024
"United","DEN","LAX",14,11,2024
"United","DEN","LAX",-8,11,2024
"United","DEN","LAX",63,11,2024
"United","DEN","LAX",-13,11,2024
"United","DEN","LAX",54,11,2024
"Delta","DEN","LAX",-10,11,2024
"Delta","DEN","LAX",7,11,2024
"Delta","DEN","LAX",37,11,2024
"United","DEN","LAX",-17,11,2024
"United","DEN","LAX",-28,11,2024
"United","DEN","LAX",46,11,2024
"United","DEN","LAX",1,11,2024
"United","DEN","LAX",18,11,2024
"United","DEN","LAX",53,11,2024
"United","DEN","LAX",34,11,2024
"United","DEN","LAX",37,11,2024
"United","DEN","LAX",123,11,2024
"Delta","DEN","LAX",-10,11,2024
"Delta","DEN","LAX",49,11,2024
"Delta","DEN","LAX",69,11,2024
"United","DEN","LAX",-7,11,2024
"United","DEN","LAX",19,11,2024
"United","DEN","LAX",13,11,2024
"United","DEN","LAX",58,11,2024
"United","DEN","LAX",53,11,2024
"United","DEN","LAX",41,11,2024
"United","DEN","LAX",92,11,2024
"United","DEN","LAX",56,11,2024
"Delta","DEN","LAX",-13,11,2024
"Delta","DEN","LAX",-12,11,2024
"Delta","DEN","LAX",16,11,2024
"United","DEN","LAX",13,11,2024
"United","DEN","LAX",40,11,2024
"United","DEN","LAX",-3,11,2024
"United","DEN","LAX",7,11,2024
"United","DEN","LAX",-7,11,2024
"United","DEN","LAX",28,11,2024
"United","DEN","LAX",-8,11,2024
"United","DEN","LAX",49,11,2024
"United","DEN","LAX",28,11,2024
"Delta","DEN","LAX",-17,11,2024
"Delta","DEN","LAX",-18,11,2024
"Delta","DEN","LAX",-17,11,2024
"United","DEN","LAX",-15,11,2024
"United","DEN","LAX",-26,11,2024
"United","DEN","LAX",-16,11,2024
"United","DEN","LAX",0,11,2024
"United","DEN","LAX",-16,11,2024
"United","DEN","LAX",-12,11,2024
"United","DEN","LAX",-9,11,2024
"United","DEN","LAX",-4,11,2024
"United","DEN","LAX",-1,11,2024
"Delta","DEN","LAX",-20,11,2024
"Delta","DEN","LAX",-10,11,2024
"Delta","DEN","LAX",-3,11,2024
"United","DEN","LAX",-23,11,2024
"United","DEN","LAX",-27,11,2024
"United","DEN","LAX",-18,11,2024
"United","DEN","LAX",-16,11,2024
"United","DEN","LAX",-13,11,2024
"United","DEN","LAX",-1,11,2024
"United","DEN","LAX",-10,11,2024
"United","DEN","LAX",9,11,2024
"United","DEN","LAX",88,11,2024
"Delta","DEN","LAX",-14,11,2024
"Delta","DEN","LAX",-20,11,2024
"Delta","DEN","LAX",17,11,2024
"United","DEN","LAX",-19,11,2024
"United","DEN","LAX",-14,11,2024
"United","DEN","LAX",-20,11,2024
"United","DEN","LAX",-4,11,2024
"United","DEN","LAX",4,11,2024
"United","DEN","LAX",-16,11,2024
"United","DEN","LAX",-7,11,2024
"United","DEN","LAX",16,11,2024
"United","DEN","LAX",373,11,2024
"Delta","DEN","LAX",-25,11,2024
"Delta","DEN","LAX",-15,11,2024
"Delta","DEN","LAX",-14,11,2024
"United","DEN","LAX",-7,11,2024
"United","DEN","LAX",-14,11,2024
"United","DEN","LAX",-12,11,2024
"United","DEN","LAX",-13,11,2024
"United","DEN","LAX",0,11,2024
"United","DEN","LAX",-8,11,2024
"United","DEN","LAX",-7,11,2024
"United","DEN","LAX",27,11,2024
"United","DEN","LAX",148,11,2024
"Delta","DEN","LAX",8,11,2024
"Delta","DEN","LAX",-5,11,2024
"Delta","DEN","LAX",-1,11,2024
"United","DEN","LAX",-2,11,2024
"United","DEN","LAX",-10,11,2024
"United","DEN","LAX",1,11,2024
"United","DEN","LAX",-8,11,2024
"United","DEN","LAX",-6,11,2024
"United","DEN","LAX",-7,11,2024
"United","DEN","LAX",8,11,2024
"United","DEN","LAX",7,11,2024
"United","DEN","LAX",25,11,2024
"Delta","DEN","LAX",18,11,2024
"Delta","DEN","LAX",19,11,2024
"Delta","DEN","LAX",41,11,2024
"United","DEN","LAX",25,11,2024
"United","DEN","LAX",-3,11,2024
"United","DEN","LAX",0,11,2024
"United","DEN","LAX",8,11,2024
"United","DEN","LAX",-1,11,2024
"United","DEN","LAX",-5,11,2024
"United","DEN","LAX",-2,11,2024
"United","DEN","LAX",18,11,2024
"United","DEN","LAX",13,11,2024
"Delta","DEN","LAX",-20,11,2024
"Delta","DEN","LAX",-11,11,2024
"Delta","DEN","LAX",-7,11,2024
"United","DEN","LAX",-14,11,2024
"United","DEN","LAX",-11,11,2024
"United","DEN","LAX",-19,11,2024
"United","DEN","LAX",-3,11,2024
"United","DEN","LAX",-10,11,2024
"United","DEN","LAX",-19,11,2024
"United","DEN","LAX",2,11,2024
"United","DEN","LAX",0,11,2024
"United","DEN","LAX",100,11,2024
"Delta","DEN","LAX",-17,11,2024
"Delta","DEN","LAX",-17,11,2024
"Delta","DEN","LAX",-20,11,2024
"United","DEN","LAX",-23,11,2024
"United","DEN","LAX",-13,11,2024
"United","DEN","LAX",-14,11,2024
"United","DEN","LAX",-25,11,2024
"United","DEN","LAX",-23,11,2024
"United","DEN","LAX",-21,11,2024
"United","DEN","LAX",-18,11,2024
"United","DEN","LAX",2,11,2024
"United","DEN","LAX",-6,11,2024
"Delta","DEN","LAX",-14,11,2024
"Delta","DEN","LAX",-12,11,2024
"Delta","DEN","LAX",0,11,2024
"United","DEN","LAX",-4,11,2024
"United","DEN","LAX",-5,11,2024
"United","DEN","LAX",20,11,2024
"United","DEN","LAX",-18,11,2024
"United","DEN","LAX",-8,11,2024
"United","DEN","LAX",-8,11,2024
"United","DEN","LAX",-3,11,2024
"United","DEN","LAX",28,11,2024
"United","DEN","LAX",103,11,2024
"Delta","DEN","LAX",-8,11,2024
"Delta","DEN","LAX",-8,11,2024
"Delta","DEN","LAX",-12,11,2024
"United","DEN","LAX",-19,11,2024
"United","DEN","LAX",-13,11,2024
"United","DEN","LAX",-2,11,2024
"United","DEN","LAX",-3,11,2024
"United","DEN","LAX",-8,11,2024
"United","DEN","LAX",-13,11,2024
"United","DEN","LAX",0,11,2024
"United","DEN","LAX",-5,11,2024
"United","DEN","LAX",-4,11,2024
"Delta","DEN","LAX",-15,11,2024
"Delta","DEN","LAX",-10,11,2024
"Delta","DEN","LAX",-10,11,2024
"United","DEN","LAX",-8,11,2024
"United","DEN","LAX",-18,11,2024
"United","DEN","LAX",-2,11,2024
"United","DEN","LAX",-13,11,2024
"United","DEN","LAX",-8,11,2024
"United","DEN","LAX",27,11,2024
"United","DEN","LAX",56,11,2024
"United","DEN","LAX",54,11,2024
"United","DEN","LAX",69,11,2024
"Delta","DEN","LAX",-26,11,2024
"Delta","DEN","LAX",-3,11,2024
"Delta","DEN","LAX",9,11,2024
"United","DEN","LAX",-13,11,2024
"United","DEN","LAX",-19,11,2024
"United","DEN","LAX",-16,11,2024
"United","DEN","LAX",-16,11,2024
"United","DEN","LAX",-10,11,2024
"United","DEN","LAX",-10,11,2024
"United","DEN","LAX",31,11,2024
"United","DEN","LAX",41,11,2024
"United","DEN","LAX",106,11,2024
"Delta","DEN","LAX",-12,11,2024
"Delta","DEN","LAX",-19,11,2024
"Delta","DEN","LAX",-1,11,2024
"United","DEN","LAX",-20,11,2024
"United","DEN","LAX",11,11,2024
"United","DEN","LAX",-10,11,2024
"United","DEN","LAX",-7,11,2024
"United","DEN","LAX",2,11,2024
"United","DEN","LAX",18,11,2024
"United","DEN","LAX",8,11,2024
"United","DEN","LAX",94,11,2024
"United","DEN","LAX",113,11,2024
"Delta","DEN","LAX",-5,11,2024
"Delta","DEN","LAX",41,11,2024
"Delta","DEN","LAX",240,11,2024
"United","DEN","LAX",1,11,2024
"United","DEN","LAX",17,11,2024
"United","DEN","LAX",-1,11,2024
"United","DEN","LAX",15,11,2024
"United","DEN","LAX",-12,11,2024
"United","DEN","LAX",-9,11,2024
"United","DEN","LAX",-3,11,2024
"United","DEN","LAX",30,11,2024
"United","DEN","LAX",185,11,2024
"Delta","DEN","LAX",16,11,2024
"Delta","DEN","LAX",33,11,2024
"Delta","DEN","LAX",6,11,2024
"United","DEN","LAX",-3,11,2024
"United","DEN","LAX",14,11,2024
"United","DEN","LAX",24,11,2024
"United","DEN","LAX",10,11,2024
"United","DEN","LAX",19,11,2024
"United","DEN","LAX",9,11,2024
"United","DEN","LAX",23,11,2024
"United","DEN","LAX",42,11,2024
"United","DEN","LAX",80,11,2024
"Delta","DEN","LAX",-5,11,2024
"Delta","DEN","LAX",6,11,2024
"Delta","DEN","LAX",20,11,2024
"United","DEN","LAX",-15,11,2024
"United","DEN","LAX",-9,11,2024
"United","DEN","LAX",8,11,2024
"United","DEN","LAX",3,11,2024
"United","DEN","LAX",-5,11,2024
"United","DEN","LAX",18,11,2024
"United","DEN","LAX",5,11,2024
"United","DEN","LAX",18,11,2024
"United","DEN","LAX",67,11,2024
"Delta","DEN","LAX",7,11,2024
"Delta","DEN","LAX",2,11,2024
"Delta","DEN","LAX",-12,11,2024
"United","DEN","LAX",-7,11,2024
"United","DEN","LAX",-2,11,2024
"United","DEN","LAX",6,11,2024
"United","DEN","LAX",-7,11,2024
"United","DEN","LAX",8,11,2024
"United","DEN","LAX",7,11,2024
"United","DEN","LAX",11,11,2024
"United","DEN","LAX",11,11,2024
"United","DEN","LAX",26,11,2024
"Delta","DEN","LAX",-15,11,2024
"Delta","DEN","LAX",19,11,2024
"Delta","DEN","LAX",8,11,2024
"United","DEN","LAX",31,11,2024
"United","DEN","LAX",48,11,2024
"United","DEN","LAX",62,11,2024
"United","DEN","LAX",66,11,2024
"United","DEN","LAX",-6,11,2024
"United","DEN","LAX",70,11,2024
"United","DEN","LAX",-2,11,2024
"United","DEN","LAX",19,11,2024
"United","DEN","LAX",40,11,2024
"Delta","DEN","LAX",10,11,2024
"Delta","DEN","LAX",16,11,2024
"United","DEN","LAX",-23,11,2024
"United","DEN","LAX",1,11,2024
"United","DEN","LAX",-13,11,2024
"United","DEN","LAX",3,11,2024
"United","DEN","LAX",23,11,2024
"Delta","DEN","LAX",9,11,2024
"Delta","DEN","LAX",5,11,2024
"United","DEN","LAX",-10,11,2024
"United","DEN","LAX",0,11,2024
"United","DEN","LAX",-10,11,2024
"United","DEN","LAX",-11,11,2024
"United","DEN","LAX",2,11,2024
"United","DEN","LAX",-13,11,2024
"United","DEN","LAX",-9,11,2024
"United","DEN","LAX",-10,11,2024
"United","DEN","LAX",24,11,2024
"Delta","DEN","LAX",-12,11,2024
"Delta","DEN","LAX",-9,11,2024
"Delta","DEN","LAX",-3,11,2024
"United","DEN","LAX",-11,11,2024
"United","DEN","LAX",-14,11,2024
"United","DEN","LAX",-17,11,2024
"United","DEN","LAX",-12,11,2024
"United","DEN","LAX",-11,11,2024
"United","DEN","LAX",7,11,2024
"United","DEN","LAX",-16,11,2024
"United","DEN","LAX",-6,11,2024
"United","DEN","LAX",13,11,2024
"United","DEN","LAX",310,11,2024
"Delta","DEN","LAX",-41,10,2024
"Delta","DEN","LAX",-29,10,2024
"Delta","DEN","LAX",-24,10,2024
"United","DEN","LAX",-26,10,2024
"United","DEN","LAX",-6,10,2024
"United","DEN","LAX",-30,10,2024
"United","DEN","LAX",15,10,2024
"United","DEN","LAX",-20,10,2024
"United","DEN","LAX",-14,10,2024
"United","DEN","LAX",-8,10,2024
"United","DEN","LAX",3,10,2024
"United","DEN","LAX",34,10,2024
"Delta","DEN","LAX",-26,10,2024
"Delta","DEN","LAX",-6,10,2024
"Delta","DEN","LAX",18,10,2024
"United","DEN","LAX",-1,10,2024
"United","DEN","LAX",-23,10,2024
"United","DEN","LAX",-10,10,2024
"United","DEN","LAX",-9,10,2024
"United","DEN","LAX",-20,10,2024
"United","DEN","LAX",-16,10,2024
"United","DEN","LAX",-3,10,2024
"United","DEN","LAX",2,10,2024
"United","DEN","LAX",20,10,2024
"Delta","DEN","LAX",-33,10,2024
"Delta","DEN","LAX",-11,10,2024
"Delta","DEN","LAX",-14,10,2024
"United","DEN","LAX",-8,10,2024
"United","DEN","LAX",-17,10,2024
"United","DEN","LAX",-22,10,2024
"United","DEN","LAX",-18,10,2024
"United","DEN","LAX",-15,10,2024
"United","DEN","LAX",-9,10,2024
"United","DEN","LAX",2,10,2024
"United","DEN","LAX",67,10,2024
"United","DEN","LAX",75,10,2024
"Delta","DEN","LAX",-24,10,2024
"Delta","DEN","LAX",-13,10,2024
"Delta","DEN","LAX",-11,10,2024
"United","DEN","LAX",-15,10,2024
"United","DEN","LAX",-12,10,2024
"United","DEN","LAX",-12,10,2024
"United","DEN","LAX",-14,10,2024
"United","DEN","LAX",-5,10,2024
"United","DEN","LAX",-2,10,2024
"United","DEN","LAX",-8,10,2024
"United","DEN","LAX",-1,10,2024
"United","DEN","LAX",11,10,2024
"Delta","DEN","LAX",-15,10,2024
"Delta","DEN","LAX",68,10,2024
"Delta","DEN","LAX",74,10,2024
"United","DEN","LAX",-1,10,2024
"United","DEN","LAX",-19,10,2024
"United","DEN","LAX",-8,10,2024
"United","DEN","LAX",-24,10,2024
"United","DEN","LAX",-26,10,2024
"United","DEN","LAX",-11,10,2024
"United","DEN","LAX",-6,10,2024
"United","DEN","LAX",9,10,2024
"Delta","DEN","LAX",-13,10,2024
"Delta","DEN","LAX",-4,10,2024
"Delta","DEN","LAX",-10,10,2024
"United","DEN","LAX",-5,10,2024
"United","DEN","LAX",-18,10,2024
"United","DEN","LAX",-18,10,2024
"United","DEN","LAX",-4,10,2024
"United","DEN","LAX",-1,10,2024
"United","DEN","LAX",-2,10,2024
"United","DEN","LAX",3,10,2024
"United","DEN","LAX",14,10,2024
"Delta","DEN","LAX",-18,10,2024
"Delta","DEN","LAX",1,10,2024
"Delta","DEN","LAX",-14,10,2024
"United","DEN","LAX",-6,10,2024
"United","DEN","LAX",-14,10,2024
"United","DEN","LAX",7,10,2024
"United","DEN","LAX",-16,10,2024
"United","DEN","LAX",-12,10,2024
"United","DEN","LAX",18,10,2024
"United","DEN","LAX",37,10,2024
"United","DEN","LAX",39,10,2024
"United","DEN","LAX",52,10,2024
"Delta","DEN","LAX",-6,10,2024
"Delta","DEN","LAX",-10,10,2024
"Delta","DEN","LAX",3,10,2024
"United","DEN","LAX",-12,10,2024
"United","DEN","LAX",-6,10,2024
"United","DEN","LAX",-12,10,2024
"United","DEN","LAX",-15,10,2024
"United","DEN","LAX",-15,10,2024
"United","DEN","LAX",-11,10,2024
"United","DEN","LAX",-12,10,2024
"United","DEN","LAX",4,10,2024
"United","DEN","LAX",1,10,2024
"Delta","DEN","LAX",-22,10,2024
"Delta","DEN","LAX",-20,10,2024
"Delta","DEN","LAX",93,10,2024
"United","DEN","LAX",-30,10,2024
"United","DEN","LAX",-30,10,2024
"United","DEN","LAX",-19,10,2024
"United","DEN","LAX",-16,10,2024
"United","DEN","LAX",-21,10,2024
"United","DEN","LAX",-18,10,2024
"United","DEN","LAX",-18,10,2024
"United","DEN","LAX",-18,10,2024
"United","DEN","LAX",-13,10,2024
"Delta","DEN","LAX",14,10,2024
"Delta","DEN","LAX",3,10,2024
"Delta","DEN","LAX",-7,10,2024
"United","DEN","LAX",-22,10,2024
"United","DEN","LAX",-20,10,2024
"United","DEN","LAX",-26,10,2024
"United","DEN","LAX",-16,10,2024
"United","DEN","LAX",-21,10,2024
"United","DEN","LAX",-15,10,2024
"United","DEN","LAX",1,10,2024
"United","DEN","LAX",17,10,2024
"United","DEN","LAX",65,10,2024
"Delta","DEN","LAX",-16,10,2024
"Delta","DEN","LAX",-17,10,2024
"Delta","DEN","LAX",-10,10,2024
"United","DEN","LAX",-5,10,2024
"United","DEN","LAX",-16,10,2024
"United","DEN","LAX",-14,10,2024
"United","DEN","LAX",-11,10,2024
"United","DEN","LAX",0,10,2024
"United","DEN","LAX",0,10,2024
"United","DEN","LAX",-7,10,2024
"United","DEN","LAX",1,10,2024
"United","DEN","LAX",55,10,2024
"Delta","DEN","LAX",0,10,2024
"Delta","DEN","LAX",-16,10,2024
"Delta","DEN","LAX",-3,10,2024
"United","DEN","LAX",-13,10,2024
"United","DEN","LAX",-16,10,2024
"United","DEN","LAX",-12,10,2024
"United","DEN","LAX",-10,10,2024
"United","DEN","LAX",-18,10,2024
"United","DEN","LAX",-15,10,2024
"United","DEN","LAX",-9,10,2024
"United","DEN","LAX",-3,10,2024
"Delta","DEN","LAX",-14,10,2024
"Delta","DEN","LAX",-17,10,2024
"Delta","DEN","LAX",31,10,2024
"United","DEN","LAX",-16,10,2024
"United","DEN","LAX",-16,10,2024
"United","DEN","LAX",-2,10,2024
"United","DEN","LAX",-5,10,2024
"United","DEN","LAX",-13,10,2024
"United","DEN","LAX",3,10,2024
"United","DEN","LAX",15,10,2024
"United","DEN","LAX",31,10,2024
"United","DEN","LAX",82,10,2024
"Delta","DEN","LAX",-15,10,2024
"Delta","DEN","LAX",-10,10,2024
"Delta","DEN","LAX",-13,10,2024
"United","DEN","LAX",-12,10,2024
"United","DEN","LAX",-24,10,2024
"United","DEN","LAX",-14,10,2024
"United","DEN","LAX",-18,10,2024
"United","DEN","LAX",-15,10,2024
"United","DEN","LAX",-5,10,2024
"United","DEN","LAX",-12,10,2024
"United","DEN","LAX",26,10,2024
"United","DEN","LAX",34,10,2024
"Delta","DEN","LAX",-14,10,2024
"Delta","DEN","LAX",-21,10,2024
"Delta","DEN","LAX",-27,10,2024
"United","DEN","LAX",-34,10,2024
"United","DEN","LAX",-10,10,2024
"United","DEN","LAX",-22,10,2024
"United","DEN","LAX",-15,10,2024
"United","DEN","LAX",-4,10,2024
"United","DEN","LAX",-10,10,2024
"United","DEN","LAX",-12,10,2024
"United","DEN","LAX",87,10,2024
"United","DEN","LAX",80,10,2024
"Delta","DEN","LAX",-31,10,2024
"Delta","DEN","LAX",-18,10,2024
"Delta","DEN","LAX",-5,10,2024
"United","DEN","LAX",-15,10,2024
"United","DEN","LAX",-11,10,2024
"United","DEN","LAX",-20,10,2024
"United","DEN","LAX",-3,10,2024
"United","DEN","LAX",-11,10,2024
"United","DEN","LAX",-19,10,2024
"United","DEN","LAX",-6,10,2024
"United","DEN","LAX",28,10,2024
"United","DEN","LAX",77,10,2024
"Delta","DEN","LAX",-12,10,2024
"Delta","DEN","LAX",7,10,2024
"Delta","DEN","LAX",89,10,2024
"United","DEN","LAX",-10,10,2024
"United","DEN","LAX",-8,10,2024
"United","DEN","LAX",-8,10,2024
"United","DEN","LAX",1,10,2024
"United","DEN","LAX",12,10,2024
"United","DEN","LAX",3,10,2024
"United","DEN","LAX",-3,10,2024
"United","DEN","LAX",11,10,2024
"United","DEN","LAX",35,10,2024
"Delta","DEN","LAX",-11,10,2024
"Delta","DEN","LAX",-10,10,2024
"Delta","DEN","LAX",60,10,2024
"United","DEN","LAX",-9,10,2024
"United","DEN","LAX",-7,10,2024
"United","DEN","LAX",-17,10,2024
"United","DEN","LAX",-17,10,2024
"United","DEN","LAX",-4,10,2024
"United","DEN","LAX",-3,10,2024
"United","DEN","LAX",-12,10,2024
"United","DEN","LAX",33,10,2024
"United","DEN","LAX",40,10,2024
"Delta","DEN","LAX",-23,10,2024
"Delta","DEN","LAX",-10,10,2024
"Delta","DEN","LAX",-8,10,2024
"United","DEN","LAX",-11,10,2024
"United","DEN","LAX",-29,10,2024
"United","DEN","LAX",-21,10,2024
"United","DEN","LAX",-12,10,2024
"United","DEN","LAX",11,10,2024
"United","DEN","LAX",-17,10,2024
"United","DEN","LAX",-2,10,2024
"United","DEN","LAX",84,10,2024
"Delta","DEN","LAX",-22,10,2024
"Delta","DEN","LAX",-7,10,2024
"Delta","DEN","LAX",83,10,2024
"United","DEN","LAX",-22,10,2024
"United","DEN","LAX",-15,10,2024
"United","DEN","LAX",11,10,2024
"United","DEN","LAX",-31,10,2024
"United","DEN","LAX",-8,10,2024
"United","DEN","LAX",-17,10,2024
"United","DEN","LAX",-7,10,2024
"United","DEN","LAX",5,10,2024
"United","DEN","LAX",48,10,2024
"Delta","DEN","LAX",-16,10,2024
"Delta","DEN","LAX",-5,10,2024
"Delta","DEN","LAX",14,10,2024
"United","DEN","LAX",-15,10,2024
"United","DEN","LAX",1,10,2024
"United","DEN","LAX",-9,10,2024
"United","DEN","LAX",-2,10,2024
"United","DEN","LAX",-14,10,2024
"United","DEN","LAX",-5,10,2024
"United","DEN","LAX",-9,10,2024
"United","DEN","LAX",-8,10,2024
"United","DEN","LAX",-7,10,2024
"Delta","DEN","LAX",-15,10,2024
"Delta","DEN","LAX",-13,10,2024
"Delta","DEN","LAX",-23,10,2024
"United","DEN","LAX",-18,10,2024
"United","DEN","LAX",-1,10,2024
"United","DEN","LAX",-19,10,2024
"United","DEN","LAX",-9,10,2024
"United","DEN","LAX",0,10,2024
"United","DEN","LAX",-17,10,2024
"United","DEN","LAX",-9,10,2024
"United","DEN","LAX",-15,10,2024
"United","DEN","LAX",-12,10,2024
"Delta","DEN","LAX",-15,10,2024
"Delta","DEN","LAX",-20,10,2024
"Delta","DEN","LAX",3,10,2024
"United","DEN","LAX",-17,10,2024
"United","DEN","LAX",-15,10,2024
"United","DEN","LAX",-19,10,2024
"United","DEN","LAX",-15,10,2024
"United","DEN","LAX",-15,10,2024
"United","DEN","LAX",-10,10,2024
"United","DEN","LAX",6,10,2024
"United","DEN","LAX",3,10,2024
"United","DEN","LAX",50,10,2024
"Delta","DEN","LAX",-8,10,2024
"Delta","DEN","LAX",-1,10,2024
"Delta","DEN","LAX",14,10,2024
"United","DEN","LAX",-1,10,2024
"United","DEN","LAX",-17,10,2024
"United","DEN","LAX",-11,10,2024
"United","DEN","LAX",-16,10,2024
"United","DEN","LAX",3,10,2024
"United","DEN","LAX",-2,10,2024
"United","DEN","LAX",-2,10,2024
"United","DEN","LAX",-4,10,2024
"United","DEN","LAX",-2,10,2024
"Delta","DEN","LAX",-16,10,2024
"Delta","DEN","LAX",-4,10,2024
"Delta","DEN","LAX",-4,10,2024
"United","DEN","LAX",-17,10,2024
"United","DEN","LAX",-15,10,2024
"United","DEN","LAX",-15,10,2024
"United","DEN","LAX",10,10,2024
"United","DEN","LAX",-14,10,2024
"United","DEN","LAX",-5,10,2024
"United","DEN","LAX",-15,10,2024
"United","DEN","LAX",-9,10,2024
"United","DEN","LAX",124,10,2024
"Delta","DEN","LAX",-24,10,2024
"Delta","DEN","LAX",-2,10,2024
"Delta","DEN","LAX",-10,10,2024
"United","DEN","LAX",-12,10,2024
"United","DEN","LAX",-15,10,2024
"United","DEN","LAX",2,10,2024
"United","DEN","LAX",6,10,2024
"United","DEN","LAX",-15,10,2024
"United","DEN","LAX",-13,10,2024
"United","DEN","LAX",-10,10,2024
"United","DEN","LAX",87,10,2024
"Delta","DEN","LAX",-19,10,2024
"Delta","DEN","LAX",-20,10,2024
"Delta","DEN","LAX",0,10,2024
"United","DEN","LAX",-11,10,2024
"United","DEN","LAX",-7,10,2024
"United","DEN","LAX",-3,10,2024
"United","DEN","LAX",-12,10,2024
"United","DEN","LAX",-17,10,2024
"United","DEN","LAX",-8,10,2024
"United","DEN","LAX",0,10,2024
"United","DEN","LAX",28,10,2024
"United","DEN","LAX",88,10,2024
"Delta","DEN","LAX",-13,10,2024
"Delta","DEN","LAX",-7,10,2024
"Delta","DEN","LAX",-5,10,2024
"United","DEN","LAX",-13,10,2024
"United","DEN","LAX",-10,10,2024
"United","DEN","LAX",-7,10,2024
"United","DEN","LAX",-14,10,2024
"United","DEN","LAX",6,10,2024
"United","DEN","LAX",-10,10,2024
"United","DEN","LAX",2,10,2024
"United","DEN","LAX",8,10,2024
"United","DEN","LAX",98,10,2024
"Delta","DEN","LAX",-13,10,2024
"Delta","DEN","LAX",14,10,2024
"Delta","DEN","LAX",-15,10,2024
"United","DEN","LAX",-16,10,2024
"United","DEN","LAX",-18,10,2024
"United","DEN","LAX",-6,10,2024
"United","DEN","LAX",-13,10,2024
"United","DEN","LAX",-8,10,2024
"United","DEN","LAX",-10,10,2024
"United","DEN","LAX",9,10,2024
"United","DEN","LAX",16,10,2024
"United","DEN","LAX",100,10,2024
"Delta","DEN","LAX",-8,10,2024
"Delta","DEN","LAX",-17,10,2024
"Delta","DEN","LAX",856,10,2024
"United","DEN","LAX",-18,10,2024
"United","DEN","LAX",-17,10,2024
"United","DEN","LAX",-17,10,2024
"United","DEN","LAX",-16,10,2024
"United","DEN","LAX",-9,10,2024
"United","DEN","LAX",-4,10,2024
"United","DEN","LAX",14,10,2024
"United","DEN","LAX",31,10,2024
"United","DEN","LAX",28,10,2024
"Delta","DEN","LAX",-11,10,2024
"Delta","DEN","LAX",4,10,2024
"Delta","DEN","LAX",-4,10,2024
"United","DEN","LAX",-4,10,2024
"United","DEN","LAX",-19,10,2024
"United","DEN","LAX",-15,10,2024
"United","DEN","LAX",-14,10,2024
"United","DEN","LAX",2,10,2024
"United","DEN","LAX",6,10,2024
"United","DEN","LAX",-5,10,2024
"United","DEN","LAX",11,10,2024
"United","DEN","LAX",30,10,2024
"Delta","DEN","LAX",-4,9,2024
"Delta","DEN","LAX",-13,9,2024
"Delta","DEN","LAX",75,9,2024
"United","DEN","LAX",-17,9,2024
"United","DEN","LAX",-21,9,2024
"United","DEN","LAX",-20,9,2024
"United","DEN","LAX",-25,9,2024
"United","DEN","LAX",-20,9,2024
"United","DEN","LAX",-17,9,2024
"United","DEN","LAX",-20,9,2024
"United","DEN","LAX",-4,9,2024
"United","DEN","LAX",-10,9,2024
"Delta","DEN","LAX",-18,9,2024
"Delta","DEN","LAX",-15,9,2024
"Delta","DEN","LAX",-26,9,2024
"United","DEN","LAX",-25,9,2024
"United","DEN","LAX",-2,9,2024
"United","DEN","LAX",-10,9,2024
"United","DEN","LAX",-18,9,2024
"United","DEN","LAX",-14,9,2024
"United","DEN","LAX",-7,9,2024
"United","DEN","LAX",46,9,2024
"United","DEN","LAX",58,9,2024
"United","DEN","LAX",78,9,2024
"Delta","DEN","LAX",-14,9,2024
"Delta","DEN","LAX",-14,9,2024
"Delta","DEN","LAX",-20,9,2024
"United","DEN","LAX",-14,9,2024
"United","DEN","LAX",-14,9,2024
"United","DEN","LAX",-23,9,2024
"United","DEN","LAX",-13,9,2024
"United","DEN","LAX",-15,9,2024
"United","DEN","LAX",-18,9,2024
"United","DEN","LAX",-12,9,2024
"United","DEN","LAX",0,9,2024
"United","DEN","LAX",9,9,2024
"Delta","DEN","LAX",-10,9,2024
"Delta","DEN","LAX",-9,9,2024
"Delta","DEN","LAX",-2,9,2024
"United","DEN","LAX",-4,9,2024
"United","DEN","LAX",-16,9,2024
"United","DEN","LAX",-12,9,2024
"United","DEN","LAX",-7,9,2024
"United","DEN","LAX",-6,9,2024
"United","DEN","LAX",3,9,2024
"United","DEN","LAX",-17,9,2024
"United","DEN","LAX",-13,9,2024
"United","DEN","LAX",77,9,2024
"Delta","DEN","LAX",-28,9,2024
"Delta","DEN","LAX",-20,9,2024
"Delta","DEN","LAX",7,9,2024
"United","DEN","LAX",-18,9,2024
"United","DEN","LAX",-21,9,2024
"United","DEN","LAX",-19,9,2024
"United","DEN","LAX",-17,9,2024
"United","DEN","LAX",-21,9,2024
"United","DEN","LAX",-5,9,2024
"United","DEN","LAX",-16,9,2024
"United","DEN","LAX",-9,9,2024
"United","DEN","LAX",-9,9,2024
"Delta","DEN","LAX",-19,9,2024
"Delta","DEN","LAX",-28,9,2024
"Delta","DEN","LAX",-17,9,2024
"United","DEN","LAX",-14,9,2024
"United","DEN","LAX",-25,9,2024
"United","DEN","LAX",-10,9,2024
"United","DEN","LAX",-7,9,2024
"United","DEN","LAX",-13,9,2024
"United","DEN","LAX",-8,9,2024
"United","DEN","LAX",-9,9,2024
"United","DEN","LAX",-12,9,2024
"United","DEN","LAX",45,9,2024
"Delta","DEN","LAX",-19,9,2024
"Delta","DEN","LAX",-22,9,2024
"Delta","DEN","LAX",9,9,2024
"United","DEN","LAX",-20,9,2024
"United","DEN","LAX",3,9,2024
"United","DEN","LAX",3,9,2024
"United","DEN","LAX",-15,9,2024
"United","DEN","LAX",-13,9,2024
"United","DEN","LAX",-16,9,2024
"United","DEN","LAX",-12,9,2024
"United","DEN","LAX",-10,9,2024
"United","DEN","LAX",-9,9,2024
"Delta","DEN","LAX",-5,9,2024
"Delta","DEN","LAX",10,9,2024
"Delta","DEN","LAX",26,9,2024
"United","DEN","LAX",-20,9,2024
"United","DEN","LAX",0,9,2024
"United","DEN","LAX",-2,9,2024
"United","DEN","LAX",-11,9,2024
"United","DEN","LAX",-3,9,2024
"United","DEN","LAX",-1,9,2024
"United","DEN","LAX",1,9,2024
"United","DEN","LAX",6,9,2024
"United","DEN","LAX",-6,9,2024
"Delta","DEN","LAX",-19,9,2024
"Delta","DEN","LAX",-9,9,2024
"Delta","DEN","LAX",36,9,2024
"United","DEN","LAX",-19,9,2024
"United","DEN","LAX",-19,9,2024
"United","DEN","LAX",-13,9,2024
"United","DEN","LAX",-5,9,2024
"United","DEN","LAX",-5,9,2024
"United","DEN","LAX",-4,9,2024
"United","DEN","LAX",38,9,2024
"United","DEN","LAX",19,9,2024
"United","DEN","LAX",61,9,2024
"Delta","DEN","LAX",-22,9,2024
"Delta","DEN","LAX",-16,9,2024
"Delta","DEN","LAX",-7,9,2024
"United","DEN","LAX",-18,9,2024
"United","DEN","LAX",-14,9,2024
"United","DEN","LAX",-6,9,2024
"United","DEN","LAX",-5,9,2024
"United","DEN","LAX",-9,9,2024
"United","DEN","LAX",-12,9,2024
"United","DEN","LAX",0,9,2024
"United","DEN","LAX",-11,9,2024
"United","DEN","LAX",0,9,2024
"Delta","DEN","LAX",-24,9,2024
"Delta","DEN","LAX",-26,9,2024
"Delta","DEN","LAX",-12,9,2024
"United","DEN","LAX",-17,9,2024
"United","DEN","LAX",-13,9,2024
"United","DEN","LAX",-1,9,2024
"United","DEN","LAX",-11,9,2024
"United","DEN","LAX",-12,9,2024
"United","DEN","LAX",-2,9,2024
"United","DEN","LAX",1,9,2024
"United","DEN","LAX",-4,9,2024
"United","DEN","LAX",1,9,2024
"Delta","DEN","LAX",-20,9,2024
"Delta","DEN","LAX",-15,9,2024
"Delta","DEN","LAX",-8,9,2024
"United","DEN","LAX",-10,9,2024
"United","DEN","LAX",-11,9,2024
"United","DEN","LAX",-3,9,2024
"United","DEN","LAX",-2,9,2024
"United","DEN","LAX",-10,9,2024
"United","DEN","LAX",7,9,2024
"United","DEN","LAX",-10,9,2024
"United","DEN","LAX",-2,9,2024
"United","DEN","LAX",3,9,2024
"Delta","DEN","LAX",-22,9,2024
"Delta","DEN","LAX",-21,9,2024
"Delta","DEN","LAX",-9,9,2024
"United","DEN","LAX",-21,9,2024
"United","DEN","LAX",-8,9,2024
"United","DEN","LAX",-10,9,2024
"United","DEN","LAX",-7,9,2024
"United","DEN","LAX",-3,9,2024
"United","DEN","LAX",-16,9,2024
"United","DEN","LAX",-12,9,2024
"United","DEN","LAX",51,9,2024
"United","DEN","LAX",55,9,2024
"Delta","DEN","LAX",-12,9,2024
"Delta","DEN","LAX",-20,9,2024
"Delta","DEN","LAX",-19,9,2024
"United","DEN","LAX",-19,9,2024
"United","DEN","LAX",-16,9,2024
"United","DEN","LAX",-18,9,2024
"United","DEN","LAX",-9,9,2024
"United","DEN","LAX",10,9,2024
"United","DEN","LAX",-6,9,2024
"United","DEN","LAX",-12,9,2024
"United","DEN","LAX",4,9,2024
"United","DEN","LAX",12,9,2024
"Delta","DEN","LAX",-7,9,2024
"Delta","DEN","LAX",-4,9,2024
"Delta","DEN","LAX",42,9,2024
"United","DEN","LAX",-14,9,2024
"United","DEN","LAX",-6,9,2024
"United","DEN","LAX",13,9,2024
"United","DEN","LAX",39,9,2024
"United","DEN","LAX",8,9,2024
"United","DEN","LAX",16,9,2024
"United","DEN","LAX",24,9,2024
"United","DEN","LAX",78,9,2024
"United","DEN","LAX",173,9,2024
"Delta","DEN","LAX",-3,9,2024
"Delta","DEN","LAX",1,9,2024
"Delta","DEN","LAX",7,9,2024
"United","DEN","LAX",3,9,2024
"United","DEN","LAX",-3,9,2024
"United","DEN","LAX",-6,9,2024
"United","DEN","LAX",1,9,2024
"United","DEN","LAX",20,9,2024
"United","DEN","LAX",9,9,2024
"United","DEN","LAX",8,9,2024
"United","DEN","LAX",7,9,2024
"United","DEN","LAX",82,9,2024
"Delta","DEN","LAX",-8,9,2024
"Delta","DEN","LAX",-6,9,2024
"Delta","DEN","LAX",33,9,2024
"United","DEN","LAX",-11,9,2024
"United","DEN","LAX",-2,9,2024
"United","DEN","LAX",11,9,2024
"United","DEN","LAX",-3,9,2024
"United","DEN","LAX",-11,9,2024
"United","DEN","LAX",-11,9,2024
"United","DEN","LAX",9,9,2024
"United","DEN","LAX",10,9,2024
"United","DEN","LAX",125,9,2024
"Delta","DEN","LAX",-1,9,2024
"Delta","DEN","LAX",-13,9,2024
"Delta","DEN","LAX",30,9,2024
"United","DEN","LAX",-6,9,2024
"United","DEN","LAX",-11,9,2024
"United","DEN","LAX",-1,9,2024
"United","DEN","LAX",-7,9,2024
"United","DEN","LAX",1,9,2024
"United","DEN","LAX",-6,9,2024
"United","DEN","LAX",-3,9,2024
"United","DEN","LAX",-5,9,2024
"United","DEN","LAX",5,9,2024
"Delta","DEN","LAX",-6,9,2024
"Delta","DEN","LAX",-3,9,2024
"Delta","DEN","LAX",11,9,2024
"United","DEN","LAX",-13,9,2024
"United","DEN","LAX",-13,9,2024
"United","DEN","LAX",-14,9,2024
"United","DEN","LAX",16,9,2024
"United","DEN","LAX",2,9,2024
"United","DEN","LAX",51,9,2024
"United","DEN","LAX",9,9,2024
"United","DEN","LAX",35,9,2024
"United","DEN","LAX",221,9,2024
"Delta","DEN","LAX",-17,9,2024
"Delta","DEN","LAX",0,9,2024
"Delta","DEN","LAX",15,9,2024
"United","DEN","LAX",-6,9,2024
"United","DEN","LAX",-4,9,2024
"United","DEN","LAX",3,9,2024
"United","DEN","LAX",2,9,2024
"United","DEN","LAX",-1,9,2024
"United","DEN","LAX",18,9,2024
"United","DEN","LAX",47,9,2024
"United","DEN","LAX",36,9,2024
"United","DEN","LAX",131,9,2024
"Delta","DEN","LAX",-22,9,2024
"Delta","DEN","LAX",-12,9,2024
"Delta","DEN","LAX",-11,9,2024
"United","DEN","LAX",-21,9,2024
"United","DEN","LAX",-21,9,2024
"United","DEN","LAX",-11,9,2024
"United","DEN","LAX",-14,9,2024
"United","DEN","LAX",-3,9,2024
"United","DEN","LAX",-18,9,2024
"United","DEN","LAX",-14,9,2024
"United","DEN","LAX",-3,9,2024
"United","DEN","LAX",46,9,2024
"Delta","DEN","LAX",-23,9,2024
"Delta","DEN","LAX",-19,9,2024
"Delta","DEN","LAX",-2,9,2024
"United","DEN","LAX",-10,9,2024
"United","DEN","LAX",-17,9,2024
"United","DEN","LAX",-11,9,2024
"United","DEN","LAX",-4,9,2024
"United","DEN","LAX",-5,9,2024
"United","DEN","LAX",-4,9,2024
"United","DEN","LAX",1,9,2024
"United","DEN","LAX",4,9,2024
"United","DEN","LAX",26,9,2024
"Delta","DEN","LAX",-16,9,2024
"Delta","DEN","LAX",2,9,2024
"Delta","DEN","LAX",-6,9,2024
"United","DEN","LAX",-20,9,2024
"United","DEN","LAX",6,9,2024
"United","DEN","LAX",-19,9,2024
"United","DEN","LAX",-7,9,2024
"United","DEN","LAX",-21,9,2024
"United","DEN","LAX",-13,9,2024
"United","DEN","LAX",9,9,2024
"United","DEN","LAX",-14,9,2024
"United","DEN","LAX",20,9,2024
"Delta","DEN","LAX",-36,9,2024
"Delta","DEN","LAX",-20,9,2024
"Delta","DEN","LAX",-30,9,2024
"United","DEN","LAX",-27,9,2024
"United","DEN","LAX",-18,9,2024
"United","DEN","LAX",-21,9,2024
"United","DEN","LAX",-13,9,2024
"United","DEN","LAX",-20,9,2024
"United","DEN","LAX",-16,9,2024
"United","DEN","LAX",-16,9,2024
"United","DEN","LAX",-5,9,2024
"United","DEN","LAX",13,9,2024
"Delta","DEN","LAX",-17,9,2024
"Delta","DEN","LAX",-18,9,2024
"Delta","DEN","LAX",-14,9,2024
"United","DEN","LAX",-27,9,2024
"United","DEN","LAX",-25,9,2024
"United","DEN","LAX",-15,9,2024
"United","DEN","LAX",-17,9,2024
"United","DEN","LAX",-16,9,2024
"United","DEN","LAX",-6,9,2024
"United","DEN","LAX",-13,9,2024
"United","DEN","LAX",-6,9,2024
"United","DEN","LAX",-3,9,2024
"Delta","DEN","LAX",-15,9,2024
"Delta","DEN","LAX",-8,9,2024
"Delta","DEN","LAX",5,9,2024
"United","DEN","LAX",-7,9,2024
"United","DEN","LAX",-8,9,2024
"United","DEN","LAX",-10,9,2024
"United","DEN","LAX",-7,9,2024
"United","DEN","LAX",-2,9,2024
"United","DEN","LAX",-21,9,2024
"United","DEN","LAX",4,9,2024
"United","DEN","LAX",-1,9,2024
"United","DEN","LAX",66,9,2024
"Delta","DEN","LAX",-10,9,2024
"Delta","DEN","LAX",-24,9,2024
"Delta","DEN","LAX",259,9,2024
"United","DEN","LAX",-24,9,2024
"United","DEN","LAX",-14,9,2024
"United","DEN","LAX",-1,9,2024
"United","DEN","LAX",-6,9,2024
"United","DEN","LAX",-18,9,2024
"United","DEN","LAX",-16,9,2024
"United","DEN","LAX",-11,9,2024
"United","DEN","LAX",-11,9,2024
"United","DEN","LAX",-5,9,2024
"Delta","DEN","LAX",-14,9,2024
"Delta","DEN","LAX",-26,9,2024
"Delta","DEN","LAX",-17,9,2024
"United","DEN","LAX",-24,9,2024
"United","DEN","LAX",-18,9,2024
"United","DEN","LAX",-13,9,2024
"United","DEN","LAX",-16,9,2024
"United","DEN","LAX",-5,9,2024
"United","DEN","LAX",-7,9,2024
"United","DEN","LAX",-5,9,2024
"United","DEN","LAX",49,9,2024
"United","DEN","LAX",90,9,2024
"Delta","DEN","LAX",-12,9,2024
"Delta","DEN","LAX",0,9,2024
"Delta","DEN","LAX",-8,9,2024
"United","DEN","LAX",-15,9,2024
"United","DEN","LAX",-15,9,2024
"United","DEN","LAX",0,9,2024
"United","DEN","LAX",-16,9,2024
"United","DEN","LAX",-13,9,2024
"United","DEN","LAX",-2,9,2024
"United","DEN","LAX",14,9,2024
"United","DEN","LAX",14,9,2024
"United","DEN","LAX",56,9,2024
"Delta","DEN","LAX",-3,9,2024
"Delta","DEN","LAX",-17,9,2024
"Delta","DEN","LAX",-30,9,2024
"United","DEN","LAX",-25,9,2024
"United","DEN","LAX",-18,9,2024
"United","DEN","LAX",-13,9,2024
"United","DEN","LAX",-5,9,2024
"United","DEN","LAX",-17,9,2024
"United","DEN","LAX",-1,9,2024
"United","DEN","LAX",-7,9,2024
"United","DEN","LAX",-1,9,2024
"United","DEN","LAX",20,9,2024
