"Title","Release Year","Genre","Content Rating","Runtime","Critic Rating","Audience Rating","Difference"
"'71","2015","Action & Adventure","PG-13",99,96,81,15
"10 Cloverfield Lane","2016","Drama","PG-13",103,90,79,11
"10,000 B.C.","2008","Action & Adventure","PG-13",109,8,37,-29
"12 Strong","2018","Action & Adventure","R",130,50,62,-12
"12 Years a Slave","2013","Drama","R",134,95,90,5
"127 Hours","2010","Drama","R",93,93,85,8
"13 Assassins","2011","Action & Adventure","R",126,95,88,7
"13 Going on 30","2004","Comedy","PG-13",97,65,70,-5
"13 Hours: The Secret Soldiers Of Benghazi","2016","Action & Adventure","R",144,51,82,-31
"1408","2007","Horror","PG-13",94,80,61,19
"15 Minutes","2001","Action & Adventure","R",120,32,37,-5
"16 Blocks","2006","Action & Adventure","PG-13",102,56,57,-1
"17 Again","2009","Comedy","PG-13",102,56,67,-11
"1917","2020","Drama","R",119,89,88,1
"2 Days in New York","2012","Comedy","R",95,66,42,24
"2 Fast 2 Furious","2003","Action & Adventure","PG-13",108,36,50,-14
"2 Guns","2013","Action & Adventure","R",109,64,66,-2
"20 Feet From Stardom","2013","Documentary","PG-13",90,99,82,17
"2012","2009","Action & Adventure","PG-13",158,39,47,-8
"20th Century Women","2017","Comedy","R",118,88,74,14
"21","2008","Drama","PG-13",122,35,66,-31
"21 And Over","2013","Comedy","R",93,27,46,-19
"21 Grams","2003","Drama","R",125,80,86,-6
"21 Jump Street","2012","Action & Adventure","R",110,84,82,2
"22 July","2018","Drama","R",143,80,70,10
"22 Jump Street","2014","Action & Adventure","R",112,85,77,8
"25th Hour","2003","Drama","R",134,78,85,-7
"27 Dresses","2008","Comedy","PG-13",107,41,57,-16
"28 Days Later","2003","Horror","R",112,87,85,2
"28 Weeks Later...","2007","Horror","R",100,71,66,5
"30 Days of Night","2007","Horror","R",113,51,56,-5
"30 Minutes or Less","2011","Action & Adventure","R",83,45,40,5
"300","2007","Action & Adventure","R",117,61,89,-28
"300: Rise of an Empire","2014","Action & Adventure","R",103,45,51,-6
"4 Months, 3 Weeks and 2 Days","2007","Drama","R",113,96,86,10
"40 Days and 40 Nights","2002","Comedy","R",94,39,43,-4
"42","2013","Drama","PG-13",128,80,85,-5
"45 Years","2015","Drama","R",93,97,67,30
"50 First Dates","2004","Comedy","PG-13",96,45,65,-20
"50/50","2011","Comedy","R",99,93,88,5
"500 Days of Summer","2009","Comedy","PG-13",95,85,84,1
"7 Days in Entebbe","2018","Drama","PG-13",107,24,37,-13
"8 Mile","2002","Drama","R",110,75,54,21
"88 Minutes","2008","Drama","R",107,5,44,-39
"9","2009","Action & Adventure","PG-13",79,57,56,1
"99 Homes","2015","Drama","R",110,93,78,15
"A Bad Moms Christmas","2017","Comedy","R",104,32,44,-12
"A Beautiful Mind","2001","Drama","PG-13",135,74,93,-19
"A Better Life","2011","Drama","PG-13",98,85,79,6
"A Cinderella Story","2004","Comedy","PG",95,12,53,-41
"A Dangerous Method","2011","Drama","R",99,78,50,28
"A Dirty Shame","2004","Comedy","NC17",89,53,51,2
"A Dog's Purpose","2017","Comedy","PG",120,35,73,-38
"A Ghost Story","2017","Drama","R",90,91,66,25
"A Girl Walks Home Alone at Night","2014","Horror","NR",105,96,75,21
"A Good Day To Die Hard","2013","Action & Adventure","R",98,14,40,-26
"A Good Year","2006","Comedy","PG-13",118,25,65,-40
"A Guy Thing","2003","Comedy","PG-13",101,24,35,-11
"A History of Violence","2005","Action & Adventure","R",96,87,76,11
"A Hologram for the King","2016","Drama","R",97,71,55,16
"A Home at the End of the World","2004","Drama","R",93,50,67,-17
"A Knight's Tale","2001","Action & Adventure","PG-13",132,59,79,-20
"A Late Quartet","2012","Drama","R",105,76,71,5
"A Lot Like Love","2005","Comedy","PG-13",107,41,77,-36
"A Man Apart","2003","Action & Adventure","R",109,11,62,-51
"A Mighty Heart","2007","Drama","R",103,79,70,9
"A Mighty Wind","2003","Comedy","PG-13",90,87,75,12
"A Million Ways to Die in the West","2014","Comedy","R",115,33,41,-8
"A Monster Calls","2017","Comedy","PG-13",108,86,81,5
"A Most Violent Year","2015","Action & Adventure","R",124,89,69,20
"A Most Wanted Man","2014","Drama","R",121,87,65,22
"A Perfect Getaway","2009","Action & Adventure","R",97,62,52,10
"A Prairie Home Companion","2006","Comedy","PG-13",105,82,59,23
"A Private War","2018","Drama","R",110,88,64,24
"A Quiet Passion","2017","Drama","PG-13",125,91,48,43
"A Quiet Place","2018","Drama","PG-13",90,96,83,13
"A Scanner Darkly","2006","Action & Adventure","R",100,68,74,-6
"A Serious Man","2009","Comedy","R",105,90,68,22
"A Single Man","2009","Drama","R",99,85,81,4
"A United Kingdom","2017","Drama","NR",111,84,76,8
"A Very Harold & Kumar Christmas","2011","Comedy","R",90,68,59,9
"A Walk Among the Tombstones","2014","Action & Adventure","R",114,68,53,15
"A Walk In The Woods","2015","Action & Adventure","R",104,47,48,-1
"A Walk to Remember","2002","Drama","PG",101,27,78,-51
"A Wrinkle in Time","2018","Action & Adventure","PG",109,42,26,16
"A.I. Artificial Intelligence","2001","Drama","PG-13",145,74,64,10
"AVP - Alien Vs. Predator","2004","Action & Adventure","PG-13",100,21,39,-18
"Abandon","2002","Drama","PG-13",99,16,31,-15
"Abduction","2011","Action & Adventure","PG-13",106,5,42,-37
"About Schmidt","2002","Comedy","R",124,85,74,11
"About Time","2013","Comedy","R",124,68,81,-13
"About a Boy","2002","Comedy","PG-13",100,93,55,38
"Abraham Lincoln: Vampire Hunter","2012","Action & Adventure","R",105,34,50,-16
"Absolutely Fabulous: The Movie","2016","Comedy","R",86,58,41,17
"Accepted","2006","Comedy","PG-13",93,37,72,-35
"Act of Valor","2012","Action & Adventure","R",109,27,72,-45
"Adam","2009","Drama","PG-13",97,66,72,-6
"Adam Sandler's Eight Crazy Nights","2002","Animation","PG-13",76,12,49,-37
"Adaptation","2002","Comedy","R",114,91,85,6
"Admission","2013","Comedy","PG-13",117,38,32,6
"Adventureland","2009","Comedy","R",106,88,61,27
"Aeon Flux","2005","Action & Adventure","PG-13",95,9,39,-30
"After Earth","2013","Action & Adventure","PG-13",99,11,36,-25
"After the Sunset","2004","Action & Adventure","PG-13",97,18,52,-34
"After the Wedding","2019","Drama","PG-13",112,45,76,-31
"Against the Ropes","2004","Drama","PG-13",111,12,29,-17
"Agent Cody Banks","2003","Action & Adventure","PG",102,38,32,6
"Ain't Them Bodies Saints","2013","Drama","R",95,77,61,16
"Akeelah and the Bee","2006","Drama","PG",112,85,81,4
"Aladdin","2019","Action & Adventure","PG",128,57,94,-37
"Albert Nobbs","2012","Drama","R",113,56,47,9
"Alex & Emma","2003","Comedy","PG-13",96,11,41,-30
"Alex Cross","2012","Action & Adventure","PG-13",101,11,47,-36
"Alexander","2004","Action & Adventure","R",175,16,35,-19
"Ali","2001","Drama","R",158,68,65,3
"Alice Through the Looking Glass","2016","Action & Adventure","PG",113,29,48,-19
"Alien: Covenant","2017","Action & Adventure","R",122,65,55,10
"Alita: Battle Angel","2019","Action & Adventure","PG-13",122,61,92,-31
"All About Steve","2009","Comedy","PG-13",99,6,30,-24
"All Is Lost","2013","Action & Adventure","PG-13",105,94,63,31
"All The King's Men","2006","Drama","PG-13",128,11,40,-29
"All the Money in the World","2017","Drama","R",132,79,65,14
"Allied","2016","Action & Adventure","R",119,60,63,-3
"Almost Famous","2000","Comedy","R",122,89,92,-3
"Aloha","2015","Action & Adventure","PG-13",105,20,28,-8
"Alone in the Dark","2005","Action & Adventure","R",98,1,11,-10
"Along Came Polly","2004","Comedy","PG-13",90,27,47,-20
"Along Came a Spider","2001","Drama","R",104,32,53,-21
"Alpha","2018","Action & Adventure","PG-13",97,80,70,10
"Alpha Dog","2007","Drama","R",118,54,67,-13
"Alvin and the Chipmunks","2007","Animation","PG",91,28,64,-36
"Amazing Grace","2007","Drama","PG",116,67,85,-18
"Amelia","2009","Drama","PG",111,20,31,-11
"America's Sweethearts","2001","Comedy","PG-13",102,32,40,-8
"American Animals","2018","Comedy","R",116,88,81,7
"American Assassin","2017","Action & Adventure","R",111,34,60,-26
"American Dreamz","2006","Comedy","PG-13",107,38,31,7
"American Gangster","2007","Drama","R",157,80,87,-7
"American Honey","2016","Drama","R",162,79,63,16
"American Hustle","2013","Drama","R",138,92,74,18
"American Made","2017","Action & Adventure","R",115,86,78,8
"American Outlaws","2001","Action & Adventure","PG-13",93,14,68,-54
"American Pastoral","2016","Drama","R",108,23,30,-7
"American Pie 2","2001","Comedy","R",105,52,68,-16
"American Psycho","2000","Comedy","R",103,69,85,-16
"American Reunion","2012","Comedy","R",112,45,63,-18
"American Sniper","2015","Action & Adventure","R",132,72,84,-12
"American Teen","2008","Documentary","PG-13",100,70,59,11
"American Ultra","2015","Action & Adventure","R",96,43,45,-2
"American Wedding","2003","Comedy","R",97,54,63,-9
"An Inconvenient Sequel: Truth To Power","2017","Documentary","PG",100,79,50,29
"An Inconvenient Truth","2006","Documentary","PG",95,93,79,14
"An Unfinished Life","2005","Drama","PG-13",107,52,67,-15
"Anacondas: The Hunt for the Blood Orchid","2004","Action & Adventure","PG-13",96,26,27,-1
"Analyze That","2002","Comedy","R",95,27,39,-12
"Anchorman - The Legend Of Ron Burgundy","2004","Comedy","PG-13",95,67,86,-19
"Anchorman 2: The Legend Continues","2013","Comedy","PG-13",119,74,52,22
"Angel Eyes","2001","Drama","R",104,33,46,-13
"Angel Has Fallen","2019","Action & Adventure","R",121,39,93,-54
"Angels & Demons","2009","Drama","PG-13",138,37,57,-20
"Anger Management","2003","Comedy","PG-13",106,42,60,-18
"Anna and the Apocalypse","2018","Comedy","R",92,77,61,16
"Annabelle","2014","Horror","R",98,29,36,-7
"Annabelle Comes Home","2019","Horror","R",106,64,70,-6
"Annabelle: Creation","2017","Drama","R",109,71,67,4
"Annapolis","2006","Drama","PG-13",98,10,60,-50
"Annihilation","2018","Action & Adventure","R",115,88,66,22
"Anomalisa","2015","Animation","R",90,92,71,21
"Another Earth","2011","Drama","PG-13",92,66,66,0
"Another Year","2010","Comedy","PG-13",129,93,74,19
"Ant-Man","2015","Action & Adventure","PG-13",117,83,86,-3
"Ant-Man and the Wasp","2018","Action & Adventure","PG-13",118,87,75,12
"Antebellum","2020","Horror","R",106,28,56,-28
"Anthropoid","2016","Drama","R",120,66,71,-5
"Antitrust","2001","Action & Adventure","PG-13",107,24,50,-26
"Antwone Fisher","2002","Drama","PG-13",120,79,86,-7
"Anvil! The Story of Anvil","2009","Documentary","NR",85,98,91,7
"Anything Else","2003","Comedy","R",108,40,44,-4
"Apocalypto","2006","Action & Adventure","R",137,66,79,-13
"Apollo 11","2019","Documentary","G",93,99,90,9
"Appaloosa","2008","Action & Adventure","R",116,76,55,21
"Arbitrage","2012","Drama","R",100,88,62,26
"Arctic","2019","Drama","PG-13",97,90,78,12
"Are We There Yet?","2005","Action & Adventure","PG",94,12,45,-33
"Argo","2012","Drama","R",120,96,90,6
"Arrival","2016","Drama","PG-13",116,94,82,12
"Art School Confidential","2006","Comedy","R",102,36,48,-12
"Ash Is Purest White","2019","Drama","NR",141,99,69,30
"Ask the Dust","2006","Documentary","R",117,35,41,-6
"Assassin's Creed","2016","Action & Adventure","PG-13",116,18,43,-25
"Assassination Nation","2018","Drama","R",110,74,54,20
"Astro Boy (AstroBoy)","2009","Action & Adventure","PG",94,50,50,0
"At Any Price","2013","Drama","R",105,51,31,20
"At Eternity's Gate","2018","Drama","PG-13",110,79,64,15
"Atlantics","2019","Drama","NR",105,96,71,25
"Atlantis - The Lost Empire","2001","Action & Adventure","PG",95,49,53,-4
"Atomic Blonde","2017","Action & Adventure","R",115,78,64,14
"Atonement","2007","Drama","R",123,83,80,3
"Attack the Block","2011","Action & Adventure","R",88,90,75,15
"August Rush","2007","Drama","PG",113,37,82,-45
"August: Osage County","2013","Drama","R",119,67,65,2
"Austenland","2013","Comedy","PG-13",96,31,54,-23
"Austin Powers in Goldmember","2002","Comedy","PG-13",94,53,44,9
"Australia","2008","Action & Adventure","PG-13",165,55,65,-10
"Auto Focus","2002","Drama","R",104,71,61,10
"Avatar","2009","Action & Adventure","PG-13",155,82,82,0
"Avengers: Age of Ultron","2015","Action & Adventure","PG-13",141,76,83,-7
"Avengers: Endgame","2019","Action & Adventure","PG-13",181,94,90,4
"Avengers: Infinity War","2018","Action & Adventure","PG-13",149,85,91,-6
"Away From Her","2007","Drama","PG-13",109,94,81,13
"Away We Go","2009","Comedy","R",97,68,74,-6
"Baadasssss!","2003","Drama","R",108,91,84,7
"Babel","2006","Drama","R",142,69,77,-8
"Babies","2010","Documentary","PG",79,68,62,6
"Baby Driver","2017","Action & Adventure","R",113,92,86,6
"Baby Mama","2008","Comedy","PG-13",99,64,55,9
"Babylon A.D.","2008","Action & Adventure","PG-13",90,6,26,-20
"Babyteeth","2020","Comedy","NR",117,94,84,10
"Bachelorette","2012","Comedy","R",93,56,34,22
"Bad Boys II","2003","Action & Adventure","R",146,23,78,-55
"Bad Boys for Life","2020","Action & Adventure","R",124,77,96,-19
"Bad Lieutenant: Port of Call New Orleans","2009","Drama","R",121,85,57,28
"Bad Moms","2016","Comedy","R",101,58,63,-5
"Bad News Bears","2005","Comedy","PG-13",108,48,46,2
"Bad Santa","2003","Comedy","R",93,79,75,4
"Bad Santa 2","2016","Comedy","R",92,24,33,-9
"Bad Teacher","2011","Comedy","R",92,44,36,8
"Bad Words","2014","Comedy","R",85,65,61,4
"Ballistic: Ecks vs. Sever","2002","Action & Adventure","R",91,0,19,-19
"Balls of Fury","2007","Action & Adventure","PG-13",90,21,33,-12
"Bandits","2001","Comedy","PG-13",122,64,58,6
"Bandslam","2009","Comedy","PG",111,82,64,18
"Barbershop","2002","Comedy","PG-13",102,83,62,21
"Barbershop 2: Back in Business","2004","Comedy","PG-13",106,68,48,20
"Basic","2003","Action & Adventure","R",98,21,63,-42
"Basic Instinct 2","2006","Drama","R",114,6,26,-20
"Batman Begins","2005","Action & Adventure","PG-13",140,84,94,-10
"Batman v Superman: Dawn of Justice","2016","Action & Adventure","PG-13",153,28,62,-34
"Battle of the Sexes","2017","Comedy","PG-13",121,85,71,14
"Battle: Los Angeles","2011","Action & Adventure","PG-13",116,36,48,-12
"Battlefield Earth","2000","Action & Adventure","PG-13",117,3,12,-9
"Battleship","2012","Action & Adventure","PG-13",131,34,54,-20
"Baywatch","2017","Action & Adventure","R",116,17,55,-38
"Be Cool","2005","Comedy","PG-13",119,30,42,-12
"Be Kind Rewind","2008","Comedy","PG-13",101,65,56,9
"Beach Rats","2017","Drama","R",97,86,57,29
"Beasts of the Southern Wild","2012","Drama","PG-13",93,87,76,11
"Beauty Shop","2005","Comedy","PG-13",105,38,62,-24
"Because I Said So","2007","Comedy","PG-13",109,4,65,-61
"Because of Winn-Dixie","2005","Comedy","PG",105,55,63,-8
"Becoming Jane","2007","Drama","PG",120,58,74,-16
"Bedtime Stories","2008","Action & Adventure","PG",99,27,55,-28
"Bee Movie","2007","Animation","PG",91,50,53,-3
"Bee Season","2005","Drama","PG-13",105,43,35,8
"Beerfest","2006","Comedy","R",110,40,75,-35
"Before I Fall","2017","Drama","PG-13",100,65,56,9
"Before Midnight","2013","Drama","R",109,98,82,16
"Before Sunset","2004","Drama","R",80,95,91,4
"Before the Devil Knows You're Dead","2007","Drama","R",116,88,71,17
"Begin Again","2014","Comedy","R",104,83,81,2
"Beginners","2011","Comedy","R",105,85,77,8
"Behind Enemy Lines","2001","Action & Adventure","PG-13",106,37,62,-25
"Behind the Candelabra","2013","Drama","NR",118,95,71,24
"Being Julia","2004","Comedy","R",104,76,74,2
"Beirut","2018","Drama","R",109,82,56,26
"Belle","2014","Drama","PG",103,84,82,2
"Ben is Back","2018","Drama","R",103,81,70,11
"Bend It Like Beckham","2003","Comedy","PG-13",112,85,73,12
"Bernie","2012","Comedy","PG-13",104,88,73,15
"Best Of Enemies","2015","Documentary","R",88,93,85,8
"Best in Show","2000","Comedy","PG-13",90,94,89,5
"Better Luck Tomorrow","2002","Action & Adventure","R",101,81,79,2
"Bewitched","2005","Comedy","PG-13",100,25,28,-3
"Beyond Borders","2003","Action & Adventure","R",127,14,72,-58
"Beyond the Sea","2004","Drama","PG-13",121,42,64,-22
"Big Eyes","2014","Drama","PG-13",106,72,68,4
"Big Fish","2003","Comedy","PG-13",125,75,89,-14
"Big Hero 6","2014","Animation","PG",102,89,91,-2
"Big Miracle","2012","Action & Adventure","PG",107,75,64,11
"Big Trouble","2002","Comedy","PG-13",85,48,54,-6
"Bill & Ted Face the Music","2020","Action & Adventure","PG-13",91,82,72,10
"Billy Elliot","2000","Comedy","R",110,85,89,-4
"Billy Lynn's Long Halftime Walk","2016","Drama","R",108,44,41,3
"Bird Box","2018","Drama","R",124,63,57,6
"Birdman","2014","Comedy","R",119,91,77,14
"Birds of Prey (And the Fantabulous Emancipation of One Harley Quinn)","2020","Action & Adventure","R",109,78,78,0
"Birth","2004","Drama","R",100,38,43,-5
"Birthday Girl","2002","Comedy","R",93,58,39,19
"BlacKkKlansman","2018","Comedy","R",134,96,83,13
"Black Book","2007","Drama","R",144,75,87,-12
"Black Hawk Down","2001","Action & Adventure","R",144,76,88,-12
"Black Panther","2018","Action & Adventure","PG-13",134,96,79,17
"Black Sea","2015","Action & Adventure","R",115,80,59,21
"Black Snake Moan","2007","Drama","R",118,66,69,-3
"Black Swan","2010","Drama","R",108,85,84,1
"Black or White","2015","Drama","PG-13",121,38,65,-27
"Blackfish","2013","Documentary","PG-13",83,98,90,8
"Blackhat","2015","Action & Adventure","R",134,32,24,8
"Blade II","2002","Action & Adventure","R",116,57,68,-11
"Blade Runner 2049","2017","Action & Adventure","R",164,88,81,7
"Blade: Trinity","2004","Action & Adventure","R",114,26,59,-33
"Blades of Glory","2007","Comedy","PG-13",93,70,68,2
"Blair Witch","2016","Horror","R",89,37,31,6
"Bleed For This","2016","Drama","R",116,70,69,1
"Blended","2014","Comedy","PG-13",117,14,64,-50
"Bless the Child","2000","Drama","R",107,3,43,-40
"Blinded by the Light","2019","Comedy","PG-13",114,89,91,-2
"Blindness","2008","Drama","R",120,43,47,-4
"Blindspotting","2018","Comedy","R",95,94,87,7
"Blockers","2018","Comedy","R",102,84,50,34
"Blood Diamond","2006","Action & Adventure","R",138,63,90,-27
"Blood Work","2002","Action & Adventure","R",111,53,40,13
"Bloodshot","2020","Action & Adventure","PG-13",109,30,78,-48
"Bloody Sunday","2002","Drama","R",107,92,91,1
"Blow","2001","Drama","R",124,55,87,-32
"Blue Crush","2002","Action & Adventure","PG-13",104,61,58,3
"Blue Is The Warmest Color","2013","Drama","NC17",175,89,85,4
"Blue Jasmine","2013","Comedy","PG-13",98,91,77,14
"Blue Valentine","2010","Drama","R",120,87,77,10
"Blumhouse's Truth or Dare","2018","Horror","PG-13",100,16,22,-6
"Bobby","2006","Drama","R",119,47,72,-25
"Body of Lies","2008","Drama","R",128,55,62,-7
"Bohemian Rhapsody","2018","Drama","PG-13",135,60,85,-25
"Boiler Room","2000","Drama","R",120,66,78,-12
"Bolt","2008","Action & Adventure","PG",96,89,74,15
"Bombshell","2019","Drama","R",108,69,84,-15
"Book Club","2018","Comedy","PG-13",104,54,51,3
"Book of Shadows - Blair Witch 2","2000","Horror","R",90,14,18,-4
"Booksmart","2019","Comedy","R",102,96,77,19
"Borat: Cultural Learnings of America for Make Benefit Glorious Nation of Kazakhstan","2006","Comedy","R",84,91,79,12
"Borg Vs. McEnroe","2018","Drama","R",108,84,74,10
"Born Into Brothels","2004","Documentary","R",85,95,91,4
"Bottle Shock","2008","Comedy","PG-13",110,48,58,-10
"Bounce","2000","Drama","PG-13",106,52,32,20
"Bowling for Columbine","2002","Documentary","R",120,95,83,12
"Boy Erased","2018","Drama","R",115,81,74,7
"Boyhood","2014","Drama","R",165,97,81,16
"Brad's Status","2017","Comedy","R",102,79,55,24
"Brave","2012","Animation","PG",93,78,75,3
"Breach","2007","Drama","PG-13",110,84,67,17
"Breakfast on Pluto","2005","Comedy","R",135,57,80,-23
"Breaking and Entering","2007","Drama","R",119,34,52,-18
"Breathe","2017","Drama","PG-13",117,67,71,-4
"Brick","2006","Action & Adventure","R",109,80,86,-6
"Brick Lane","2008","Drama","PG-13",101,68,60,8
"Bride Wars","2009","Comedy","PG",90,11,51,-40
"Bride and Prejudice","2005","Comedy","PG-13",110,64,70,-6
"Brideshead Revisited","2008","Drama","PG-13",134,62,52,10
"Bridesmaids","2011","Comedy","R",125,90,76,14
"Bridge of Spies","2015","Drama","PG-13",141,90,87,3
"Bridge to Terabithia","2007","Action & Adventure","PG",96,85,70,15
"Bridget Jones's Baby","2016","Comedy","R",122,78,65,13
"Bridget Jones's Diary","2001","Comedy","R",92,80,81,-1
"Bridget Jones: The Edge of Reason","2004","Comedy","R",106,27,60,-33
"Bright","2017","Drama","NR",117,28,83,-55
"Bright Star","2009","Drama","PG",119,83,68,15
"Bright Young Things","2004","Comedy","R",105,65,67,-2
"Brightburn","2019","Horror","R",91,58,67,-9
"Brigsby Bear","2017","Comedy","PG-13",97,82,86,-4
"Bring It On","2000","Comedy","PG-13",98,63,66,-3
"Bringing Down the House","2003","Comedy","PG-13",105,34,49,-15
"Brokeback Mountain","2005","Drama","R",134,87,82,5
"Broken City","2013","Drama","R",108,28,40,-12
"Broken Flowers","2005","Comedy","R",107,87,70,17
"Brooklyn","2015","Drama","PG-13",112,97,87,10
"Brooklyn's Finest","2010","Action & Adventure","R",125,45,46,-1
"Brother Bear","2003","Animation","G",85,37,65,-28
"Brothers","2009","Drama","R",104,64,62,2
"Bruce Almighty","2003","Comedy","PG-13",101,48,57,-9
"Bruno","2009","Comedy","R",82,67,41,26
"Bubba Ho-Tep","2003","Comedy","R",92,78,79,-1
"Buck","2011","Documentary","PG",88,90,89,1
"Buffalo Soldiers","2001","Comedy","R",98,73,72,1
"Bullet to the Head","2013","Action & Adventure","R",91,45,39,6
"Bulletproof Monk","2003","Action & Adventure","PG-13",104,23,38,-15
"Bumblebee","2018","Action & Adventure","PG-13",114,91,74,17
"Burlesque","2010","Drama","PG-13",116,37,64,-27
"Burn After Reading","2008","Comedy","R",95,78,65,13
"Burnt","2015","Comedy","R",100,28,44,-16
"By The Sea","2015","Drama","R",122,34,28,6
"CHIPS","2017","Action & Adventure","R",101,18,45,-27
"Cabin Fever","2002","Horror","R",94,62,44,18
"Cadillac Records","2008","Drama","R",108,67,65,2
"Café Society","2016","Comedy","PG-13",96,71,56,15
"Cake","2015","Drama","R",102,48,44,4
"Calendar Girls","2003","Comedy","PG-13",108,74,67,7
"Call Me by Your Name","2018","Drama","R",132,94,86,8
"Cameraperson","2016","Documentary","NR",102,99,68,31
"Camp","2003","Comedy","PG-13",114,64,68,-4
"Capernaum (Capharnaüm)","2018","Drama","NR",130,90,92,-2
"Capitalism: A Love Story","2009","Documentary","R",127,74,74,0
"Capone","2020","Drama","R",103,41,25,16
"Capote","2005","Drama","R",115,90,82,8
"Captain America: Civil War","2016","Action & Adventure","PG-13",146,91,89,2
"Captain America: The First Avenger","2011","Action & Adventure","PG-13",124,80,74,6
"Captain America: The Winter Soldier","2014","Action & Adventure","PG-13",135,90,92,-2
"Captain Corelli's Mandolin","2001","Drama","R",127,28,50,-22
"Captain Fantastic","2016","Drama","R",119,83,85,-2
"Captain Marvel","2019","Action & Adventure","PG-13",124,79,47,32
"Captain Phillips","2013","Drama","PG-13",133,93,89,4
"Captain Underpants: The First Epic Movie (Captain Underpants)","2017","Animation","PG",89,87,61,26
"Capturing the Friedmans","2003","Documentary","R",107,97,89,8
"Carnage","2011","Comedy","R",79,70,66,4
"Carol","2015","Drama","R",118,94,74,20
"Cars","2006","Action & Adventure","G",117,75,79,-4
"Cars 2","2011","Action & Adventure","G",107,39,49,-10
"Cars 3","2017","Animation","G",109,70,69,1
"Casa de los Babys","2003","Drama","R",95,58,50,8
"Casanova","2005","Comedy","R",111,43,58,-15
"Cast Away","2000","Action & Adventure","PG-13",143,88,84,4
"Catch Me If You Can","2002","Action & Adventure","PG-13",140,96,89,7
"Catch a Fire","2006","Drama","PG-13",102,75,71,4
"Catch and Release","2007","Comedy","PG-13",111,22,55,-33
"Catfish","2010","Documentary","PG-13",88,80,71,9
"Cats","2019","Comedy","PG",110,20,53,-33
"Cats & Dogs","2001","Action & Adventure","PG",87,54,32,22
"Catwoman","2004","Action & Adventure","PG-13",104,9,18,-9
"Cave of Forgotten Dreams","2011","Documentary","G",90,96,73,23
"Cedar Rapids","2011","Comedy","R",87,86,59,27
"Celeste and Jesse Forever","2012","Comedy","R",90,71,62,9
"Cellular","2004","Action & Adventure","PG-13",92,55,59,-4
"Central Intelligence","2016","Action & Adventure","PG-13",107,71,61,10
"Centurion","2010","Action & Adventure","R",97,61,43,18
"Certain Women","2016","Drama","R",107,91,51,40
"Changeling","2008","Drama","R",141,62,82,-20
"Changing Lanes","2002","Action & Adventure","R",98,77,53,24
"Chappie","2015","Action & Adventure","R",120,33,56,-23
"Charlie Bartlett","2007","Comedy","R",98,57,71,-14
"Charlie St. Cloud","2010","Drama","PG-13",99,28,60,-32
"Charlie Wilson's War","2007","Comedy","R",102,82,73,9
"Charlie and the Chocolate Factory","2005","Comedy","PG",115,83,51,32
"Charlie's Angels","2000","Action & Adventure","PG-13",98,68,45,23
"Charlie's Angels - Full Throttle","2003","Action & Adventure","PG-13",111,42,40,2
"Chasing Liberty","2004","Action & Adventure","PG-13",110,18,60,-42
"Cheaper by the Dozen","2003","Comedy","PG",98,24,56,-32
"Chef","2014","Comedy","R",115,87,85,2
"Chi-Raq","2015","Drama","R",127,82,49,33
"Chicago","2002","Comedy","PG-13",113,86,83,3
"Chicken Little","2005","Action & Adventure","G",81,37,47,-10
"Chicken Run","2000","Action & Adventure","G",85,97,64,33
"Children of Men","2006","Drama","R",109,92,85,7
"Chloe","2010","Drama","R",96,51,39,12
"Chocolat","2000","Comedy","PG-13",121,62,83,-21
"Choke","2008","Comedy","R",92,55,52,3
"Christmas With the Kranks","2004","Comedy","PG",98,5,38,-33
"Christopher Robin","2018","Action & Adventure","PG",104,73,83,-10
"Churchill","2017","Drama","PG",105,49,55,-6
"Cidade de Deus (City of God)","2003","Action & Adventure","R",131,91,97,-6
"Cinderella Man","2005","Action & Adventure","PG-13",144,80,91,-11
"Cirque du Freak: The Vampire's Assistant","2009","Action & Adventure","PG-13",109,38,42,-4
"Citizenfour","2014","Documentary","R",114,96,87,9
"City Island","2010","Comedy","PG-13",103,82,79,3
"City by the Sea","2002","Drama","R",108,48,40,8
"City of Ember","2008","Action & Adventure","PG",95,53,46,7
"Clemency","2019","Drama","R",113,92,65,27
"Clerks II","2006","Comedy","R",92,64,84,-20
"Click","2006","Comedy","PG-13",108,34,66,-32
"Closer","2004","Drama","R",101,68,81,-13
"Cloud Atlas","2012","Drama","R",172,67,66,1
"Clouds of Sils Maria","2015","Drama","R",123,90,65,25
"Cloudy With a Chance of Meatballs","2009","Animation","PG",90,86,72,14
"Cloudy with a Chance of Meatballs 2","2013","Action & Adventure","PG",95,70,66,4
"Cloverfield","2008","Action & Adventure","PG-13",85,77,68,9
"Club Dread","2004","Comedy","R",103,29,44,-15
"Coach Carter","2005","Drama","PG-13",136,64,85,-21
"Coco","2017","Action & Adventure","PG",109,97,94,3
"Code 46","2004","Drama","R",92,51,58,-7
"Cold Creek Manor","2003","Drama","R",119,12,23,-11
"Cold Mountain","2003","Action & Adventure","R",155,71,77,-6
"Cold Pursuit","2019","Action & Adventure","R",118,69,49,20
"Cold Souls","2009","Comedy","PG-13",101,75,54,21
"Cold in July","2014","Drama","R",109,83,67,16
"Colette","2018","Drama","R",111,87,69,18
"Collateral","2004","Action & Adventure","R",120,86,84,2
"Collateral Beauty","2016","Drama","PG-13",97,14,64,-50
"Collateral Damage","2002","Action & Adventure","R",109,19,27,-8
"Colombiana","2011","Action & Adventure","PG-13",107,28,67,-39
"Color Out of Space","2020","Horror","NR",111,86,82,4
"Colossal","2017","Comedy","R",110,81,59,22
"Compliance","2012","Drama","R",90,89,60,29
"Confessions of a Dangerous Mind","2003","Comedy","R",113,79,75,4
"Confessions of a Shopaholic","2009","Comedy","PG",105,25,49,-24
"Confidence","2003","Drama","R",98,69,70,-1
"Constantine","2005","Action & Adventure","R",120,46,72,-26
"Contagion","2011","Action & Adventure","PG-13",106,85,63,22
"Control","2007","Drama","R",121,88,89,-1
"Conviction","2010","Drama","R",106,67,70,-3
"Cop Out","2010","Comedy","R",103,19,40,-21
"Coraline","2009","Action & Adventure","PG",100,90,73,17
"Coriolanus","2011","Drama","R",122,92,58,34
"Cosmopolis","2012","Drama","R",108,65,31,34
"Country Strong","2011","Drama","PG-13",117,22,53,-31
"Couples Retreat","2009","Comedy","PG-13",114,10,39,-29
"Cowboys & Aliens","2011","Action & Adventure","PG-13",118,44,43,1
"Coyote Ugly","2000","Comedy","PG-13",100,23,71,-48
"Cradle 2 the Grave","2003","Action & Adventure","R",99,25,52,-27
"Crash","2004","Drama","R",112,74,88,-14
"Crazy Heart","2009","Drama","R",112,90,76,14
"Crazy Rich Asians","2018","Comedy","PG-13",120,91,76,15
"Crazy, Stupid, Love.","2011","Comedy","PG-13",118,79,78,1
"Creation","2010","Drama","PG-13",108,46,49,-3
"Creed","2015","Drama","PG-13",133,95,89,6
"Creed II","2018","Action & Adventure","PG-13",130,83,80,3
"Criminal","2004","Drama","R",87,69,57,12
"Crimson Peak","2015","Horror","R",119,72,55,17
"Crossing Over","2009","Drama","R",114,16,49,-33
"Crouching Tiger, Hidden Dragon","2001","Action & Adventure","PG-13",120,97,86,11
"Curious George","2006","Animation","G",87,70,69,1
"Curse of the Golden Flower","2006","Action & Adventure","R",114,65,65,0
"Cyrus","2010","Comedy","R",91,80,53,27
"Daddy Day Care","2003","Comedy","PG",92,27,48,-21
"Daddy's Home","2015","Comedy","PG-13",96,31,49,-18
"Daddy's Home 2","2017","Comedy","PG-13",98,21,50,-29
"Dallas Buyers Club","2013","Drama","R",117,93,91,2
"Damsel","2018","Comedy","R",113,67,55,12
"Damsels in Distress","2012","Comedy","PG-13",99,75,39,36
"Dan in Real Life","2007","Comedy","PG-13",98,65,69,-4
"Dancer in the Dark","2000","Drama","R",140,69,91,-22
"Danny Collins","2015","Comedy","R",106,77,73,4
"Daredevil","2003","Action & Adventure","PG-13",104,44,35,9
"Dark Blue","2003","Drama","R",113,59,52,7
"Dark Phoenix","2019","Action & Adventure","PG-13",114,22,64,-42
"Dark Shadows","2012","Drama","PG-13",112,36,46,-10
"Dark Waters","2019","Drama","PG-13",126,90,95,-5
"Darkest Hour","2017","Drama","PG-13",125,84,82,2
"Darkness Falls","2003","Horror","PG-13",85,9,34,-25
"Date Night","2010","Comedy","PG-13",88,66,55,11
"Dave Chappelle's Block Party","2006","Comedy","R",103,92,74,18
"Dawn Of The Planet Of The Apes","2014","Action & Adventure","PG-13",130,90,88,2
"Dawn of the Dead","2004","Drama","R",100,75,77,-2
"Daybreakers","2010","Action & Adventure","R",98,69,49,20
"De rouille et d'os (Rust and Bone)","2012","Drama","R",122,82,80,2
"De-Lovely","2004","Comedy","PG-13",125,48,66,-18
"Deadpool","2016","Action & Adventure","R",108,85,90,-5
"Deadpool 2","2018","Action & Adventure","R",120,83,85,-2
"Dear Frankie","2005","Drama","PG-13",105,81,90,-9
"Dear John","2010","Drama","PG-13",107,29,55,-26
"Dear White People","2014","Comedy","R",106,91,61,30
"Death Race","2008","Action & Adventure","R",105,42,60,-18
"Death Sentence","2007","Action & Adventure","R",110,20,60,-40
"Death at a Funeral","2007","Comedy","R",90,62,79,-17
"Death to Smoochy","2002","Comedy","R",109,42,66,-24
"Deepwater Horizon","2016","Action & Adventure","PG-13",107,83,82,1
"Deerskin","2020","Comedy","NR",77,87,71,16
"Defiance","2009","Drama","R",136,58,72,-14
"Definitely, Maybe","2008","Comedy","PG-13",112,70,72,-2
"Delivery Man","2013","Comedy","PG-13",105,39,47,-8
"Demolition","2016","Comedy","R",101,53,54,-1
"Den of Thieves","2018","Action & Adventure","R",140,41,62,-21
"Denial","2016","Drama","PG-13",110,82,71,11
"Despicable Me","2010","Animation","PG",95,81,82,-1
"Despicable Me 2","2013","Animation","PG",98,75,85,-10
"Despicable Me 3","2017","Animation","PG",90,58,53,5
"Detroit","2017","Drama","R",143,82,79,3
"Dheepan","2016","Drama","R",110,87,82,5
"Diana","2013","Drama","PG-13",113,8,25,-17
"Diary of a Mad Black Woman","2005","Comedy","PG-13",116,16,87,-71
"Diary of a Wimpy Kid","2010","Comedy","PG",92,54,49,5
"Diary of the Dead","2007","Horror","R",95,62,41,21
"Dickie Roberts: Former Child Star","2003","Comedy","PG-13",99,22,46,-24
"Did You Hear About the Morgans?","2009","Comedy","PG-13",103,11,27,-16
"Die Another Day","2002","Action & Adventure","PG-13",130,57,41,16
"Dinner for Schmucks","2010","Comedy","PG-13",114,42,42,0
"Dinosaur","2000","Action & Adventure","PG",82,64,48,16
"Dirty Dancing: Havana Nights","2004","Drama","PG-13",86,23,73,-50
"Dirty Grandpa","2016","Comedy","R",102,11,44,-33
"Disney's A Christmas Carol","2009","Animation","PG",95,52,58,-6
"Disobedience","2018","Drama","NR",114,84,75,9
"District 9","2009","Action & Adventure","R",111,90,82,8
"District B13 (Banlieue 13)","2006","Action & Adventure","R",85,80,78,2
"Disturbia","2007","Drama","PG-13",105,69,77,-8
"Divergent","2014","Action & Adventure","PG-13",140,41,69,-28
"Divine Secrets of the Ya-Ya Sisterhood","2002","Comedy","PG-13",116,45,65,-20
"Dixie Chicks - Shut Up and Sing","2006","Documentary","R",99,89,86,3
"Django Unchained","2012","Drama","R",165,87,91,-4
"Doctor Strange","2016","Action & Adventure","PG-13",115,89,86,3
"Dodgeball - A True Underdog Story","2004","Comedy","PG-13",92,71,76,-5
"Dolemite Is My Name","2019","Drama","R",118,97,91,6
"Dolittle","2020","Action & Adventure","PG",100,14,76,-62
"Dolphin Tale","2011","Drama","PG",113,81,80,1
"Dom Hemingway","2014","Comedy","R",93,56,38,18
"Domino","2005","Action & Adventure","R",128,18,56,-38
"Don Jon","2013","Comedy","R",89,79,58,21
"Don't Be Afraid Of The Dark","2011","Horror","R",99,60,34,26
"Don't Breathe","2016","Horror","R",88,88,78,10
"Don't Say a Word","2001","Drama","R",113,24,49,-25
"Don't Think Twice","2016","Comedy","R",88,98,69,29
"Don't Worry, He Won't Get Far on Foot","2018","Drama","R",113,76,75,1
"Donnie Darko","2001","Comedy","R",113,86,80,6
"Doom","2005","Action & Adventure","R",104,19,34,-15
"Dope","2015","Comedy","R",103,89,83,6
"Dora and the Lost City of Gold","2019","Action & Adventure","PG",102,85,88,-3
"Double Lover (L'amant double)","2018","Drama","NR",108,70,49,21
"Doubt","2008","Drama","PG-13",104,80,78,2
"Down With Love","2003","Comedy","PG-13",94,60,62,-2
"Down in the Valley","2006","Drama","R",114,52,53,-1
"Downsizing","2017","Comedy","R",135,46,23,23
"Downton Abbey","2019","Drama","PG",122,84,94,-10
"Dr Seuss' The Lorax","2012","Animation","PG",86,54,63,-9
"Dr. Dolittle 2","2001","Comedy","PG",87,42,26,16
"Dr. Seuss' Horton Hears a Who!","2008","Action & Adventure","G",88,79,73,6
"Dr. Seuss' How the Grinch Stole Christmas","2000","Comedy","PG",105,49,56,-7
"Dr. Seuss' The Cat in the Hat","2003","Comedy","PG",82,9,51,-42
"Dr. T and the Women","2000","Comedy","R",121,57,20,37
"Dracula Untold","2014","Action & Adventure","PG-13",92,24,58,-34
"Draft Day","2014","Drama","PG-13",109,59,65,-6
"Drag Me to Hell","2009","Horror","PG-13",99,92,62,30
"Dragged Across Concrete","2019","Action & Adventure","R",159,76,68,8
"Dreamcatcher","2003","Drama","R",131,28,35,-7
"Dreamer: Inspired by a True Story","2005","Drama","PG",98,64,78,-14
"Dreamgirls","2006","Drama","PG-13",131,78,71,7
"Dredd","2012","Action & Adventure","R",96,79,72,7
"Drillbit Taylor","2008","Comedy","PG-13",102,25,44,-19
"Drinking Buddies","2013","Comedy","R",90,83,49,34
"Drive","2011","Action & Adventure","R",100,92,79,13
"Drive Angry","2011","Action & Adventure","R",104,47,37,10
"Driven","2001","Action & Adventure","PG-13",117,14,33,-19
"Due Date","2010","Comedy","R",95,39,52,-13
"Dumb and Dumber To","2014","Comedy","PG-13",109,30,35,-5
"Dumb and Dumberer: When Harry Met Lloyd","2003","Comedy","PG-13",85,10,23,-13
"Dunkirk","2017","Action & Adventure","PG-13",107,92,81,11
"Duplex","2003","Comedy","PG-13",89,35,40,-5
"Duplicity","2009","Drama","PG-13",125,66,37,29
"Déjà Vu","2006","Action & Adventure","PG-13",128,56,73,-17
"Eagle Eye","2008","Drama","PG-13",118,26,62,-36
"Eagle vs Shark","2007","Comedy","R",94,55,67,-12
"Early Man","2018","Animation","PG",89,80,49,31
"Earth to Echo","2014","Action & Adventure","PG",89,50,47,3
"Eastern Promises","2007","Drama","R",100,89,83,6
"Easy A","2010","Comedy","PG-13",93,85,77,8
"Easy Virtue","2009","Comedy","PG-13",96,52,47,5
"Eat Pray Love","2010","Drama","PG-13",140,36,42,-6
"Eddie The Eagle","2016","Drama","PG-13",105,82,82,0
"Edge of Darkness","2010","Drama","R",117,55,49,6
"Eight Below","2006","Action & Adventure","PG",120,73,79,-6
"Eight Legged Freaks","2002","Comedy","PG-13",99,48,32,16
"Eighth Grade","2018","Comedy","R",93,99,82,17
"El Camino: A Breaking Bad Movie","2019","Drama","NR",122,91,81,10
"El Cantante","2007","Drama","R",116,25,63,-38
"Elegy","2008","Drama","R",111,75,61,14
"Elektra","2005","Action & Adventure","PG-13",96,11,29,-18
"Elephant","2003","Drama","R",81,73,79,-6
"Elf","2003","Comedy","PG",97,84,79,5
"Elizabeth: The Golden Age","2007","Drama","PG-13",115,34,59,-25
"Elizabethtown","2005","Comedy","PG-13",123,28,66,-38
"Ella Enchanted","2004","Comedy","PG",101,50,57,-7
"Elvis & Nixon","2016","Comedy","R",86,77,57,20
"Elysium","2013","Drama","R",109,65,58,7
"Embrace Of The Serpent (El Abrazo De La Serpiente)","2016","Action & Adventure","NR",123,96,84,12
"Emma.","2020","Comedy","PG",125,87,72,15
"Empire","2002","Action & Adventure","R",95,21,62,-41
"Enchanted","2007","Comedy","PG",108,93,80,13
"Encounters at the End of the World","2007","Documentary","G",99,94,83,11
"End of Watch","2012","Drama","R",109,85,86,-1
"Ender's Game","2013","Action & Adventure","PG-13",114,62,65,-3
"Enemy at the Gates","2001","Action & Adventure","R",131,53,82,-29
"Enigma","2002","Drama","R",119,72,55,17
"Enough","2002","Drama","PG-13",110,22,67,-45
"Enough Said","2013","Comedy","PG-13",93,95,75,20
"Enron: The Smartest Guys in the Room","2005","Documentary","R",113,97,87,10
"Entourage","2015","Comedy","R",104,33,57,-24
"Envy","2004","Action & Adventure","PG-13",99,8,27,-19
"Epic","2013","Action & Adventure","PG",103,65,65,0
"Equalizer 2","2018","Action & Adventure","R",121,52,61,-9
"Eragon","2006","Action & Adventure","PG",103,16,47,-31
"Erin Brockovich","2000","Comedy","R",131,84,81,3
"Escape Plan","2013","Action & Adventure","R",110,50,55,-5
"Escape Room","2019","Action & Adventure","PG-13",100,51,51,0
"Eternal Sunshine of the Spotless Mind","2004","Comedy","R",108,93,94,-1
"Eurotrip","2003","Comedy","R",89,47,75,-28
"Evan Almighty","2007","Comedy","PG",96,23,52,-29
"Evening","2007","Drama","PG-13",117,27,48,-21
"Everybody Wants Some!!","2016","Comedy","R",116,87,68,19
"Everybody's Fine","2009","Comedy","PG-13",95,48,53,-5
"Everything Must Go","2011","Comedy","R",97,73,53,20
"Everything is Illuminated","2005","Action & Adventure","PG-13",106,67,89,-22
"Everything, Everything","2017","Drama","PG-13",96,45,61,-16
"Evil Dead","2013","Horror","R",91,62,63,-1
"Evolution","2001","Comedy","PG-13",101,43,48,-5
"Ex Machina","2015","Drama","R",107,92,86,6
"Exit Through The Gift Shop","2010","Comedy","R",87,96,91,5
"Exorcist: The Beginning","2004","Drama","R",114,10,27,-17
"Extract","2009","Comedy","R",91,62,38,24
"Extraordinary Measures","2010","Drama","PG",106,29,53,-24
"Extremely Loud & Incredibly Close","2012","Drama","PG-13",129,45,61,-16
"Eye In The Sky","2016","Drama","R",102,95,82,13
"Factory Girl","2007","Drama","R",90,20,60,-40
"Fading Gigolo","2014","Comedy","R",98,54,41,13
"Fahrenheit 11/9","2018","Documentary","NR",128,82,61,21
"Failure to Launch","2006","Comedy","PG-13",97,23,52,-29
"Fame","2009","Drama","PG",107,24,36,-12
"Fantastic Beasts and Where to Find Them","2016","Action & Adventure","PG-13",127,74,79,-5
"Fantastic Beasts: The Crimes of Grindelwald","2018","Action & Adventure","PG-13",134,36,54,-18
"Fantastic Four","2005","Action & Adventure","PG-13",106,27,45,-18
"Fantastic Four: Rise of the Silver Surfer","2007","Action & Adventure","PG",92,37,51,-14
"Fantastic Mr. Fox","2009","Action & Adventure","PG",88,93,85,8
"Fantasy Island","2020","Comedy","PG-13",109,7,48,-41
"Far From Heaven","2003","Drama","PG-13",107,88,80,8
"Fast & Furious","2009","Action & Adventure","PG-13",107,29,67,-38
"Fast & Furious 6","2013","Action & Adventure","PG-13",130,71,84,-13
"Fast & Furious Presents: Hobbs & Shaw","2019","Action & Adventure","PG-13",138,67,88,-21
"Fast Five","2011","Action & Adventure","PG-13",130,77,83,-6
"Fast Food Nation","2006","Comedy","R",116,50,42,8
"Feardotcom","2002","Horror","R",101,3,18,-15
"Feast of Love","2007","Drama","R",102,39,55,-16
"Femme Fatale","2002","Drama","R",110,49,49,0
"Fences","2016","Drama","PG-13",133,92,75,17
"Ferdinand","2017","Animation","PG",108,72,51,21
"Fever Pitch","2005","Comedy","PG-13",103,65,60,5
"Fifty Shades Darker","2017","Drama","R",118,11,48,-37
"Fifty Shades Freed","2018","Drama","R",105,11,37,-26
"Fighting","2009","Action & Adventure","PG-13",105,40,36,4
"Fighting with My Family","2019","Comedy","PG-13",107,92,82,10
"Final Destination 2","2003","Horror","R",90,48,58,-10
"Final Destination 3","2006","Action & Adventure","R",92,43,57,-14
"Final Destination 5","2011","Horror","R",92,62,52,10
"Final Fantasy: The Spirits Within","2001","Animation","PG-13",106,45,48,-3
"Find Me Guilty","2006","Comedy","R",124,62,63,-1
"Finding Dory","2016","Animation","PG",103,94,84,10
"Finding Forrester","2000","Comedy","PG-13",133,74,79,-5
"Finding Nemo","2003","Animation","G",100,99,86,13
"Finding Neverland","2004","Drama","PG",106,83,87,-4
"Fired Up","2009","Comedy","PG-13",89,25,52,-27
"Firewall","2006","Action & Adventure","PG-13",105,18,37,-19
"First Cow","2020","Drama","PG-13",122,96,56,40
"First Love (Hatsukoi)","2019","Action & Adventure","NR",108,97,88,9
"First Man","2018","Drama","PG-13",141,86,67,19
"First Reformed","2018","Drama","R",113,93,68,25
"Fist Fight","2017","Comedy","R",91,24,40,-16
"Five Feet Apart","2019","Drama","PG-13",116,53,79,-26
"Flags of Our Fathers","2006","Action & Adventure","R",132,73,69,4
"Flash of Genius","2008","Drama","PG-13",120,61,55,6
"Flight","2012","Drama","R",138,78,75,3
"Flight of the Phoenix","2004","Action & Adventure","PG-13",112,30,40,-10
"Flightplan","2005","Action & Adventure","PG-13",98,37,48,-11
"Florence Foster Jenkins","2016","Comedy","PG-13",110,87,68,19
"Flushed Away","2006","Animation","PG",85,73,65,8
"Flyboys","2006","Action & Adventure","PG-13",139,33,67,-34
"Food, Inc.","2009","Documentary","PG",94,95,86,9
"Fool's Gold","2008","Action & Adventure","PG-13",112,11,48,-37
"For Colored Girls","2010","Drama","R",134,32,73,-41
"For Your Consideration","2006","Comedy","PG-13",86,52,43,9
"For a Good Time, Call...","2012","Comedy","R",86,57,53,4
"Forgetting Sarah Marshall","2008","Comedy","R",112,83,76,7
"Four Brothers","2005","Action & Adventure","R",108,52,80,-28
"Four Christmases","2008","Comedy","PG-13",88,25,47,-22
"Four Lions","2010","Comedy","R",102,82,80,2
"Foxcatcher","2014","Drama","R",134,87,66,21
"Fracture","2007","Drama","R",113,71,73,-2
"Frailty","2002","Horror","R",99,74,78,-4
"Frances Ha","2013","Comedy","R",85,92,77,15
"Frank","2014","Comedy","R",95,92,72,20
"Frank Miller's Sin City: A Dame to Kill For","2014","Action & Adventure","R",101,43,44,-1
"Frankenweenie","2012","Animation","PG",87,87,70,17
"Fred Claus","2007","Comedy","PG",116,21,45,-24
"Freddy vs. Jason","2003","Horror","R",97,41,50,-9
"Free Fire","2017","Action & Adventure","R",86,69,52,17
"Free Solo","2018","Documentary","PG-13",100,97,93,4
"Free State of Jones","2016","Action & Adventure","R",139,47,64,-17
"Freedom Writers","2007","Drama","PG-13",123,70,87,-17
"Freedomland","2006","Drama","R",113,23,25,-2
"Freeheld","2015","Drama","PG-13",103,48,54,-6
"Frequency","2000","Action & Adventure","PG-13",117,70,81,-11
"Frida","2002","Drama","R",123,75,85,-10
"Friday Night Lights","2004","Action & Adventure","PG-13",117,82,85,-3
"Friends With Benefits","2011","Comedy","R",109,69,65,4
"Friends With Kids","2012","Comedy","R",100,67,49,18
"From Hell","2001","Horror","R",121,57,66,-9
"From Paris with Love","2010","Action & Adventure","R",92,38,54,-16
"Frost/Nixon","2008","Drama","R",122,93,88,5
"Frozen II","2019","Action & Adventure","PG",103,77,92,-15
"Frozen River","2008","Drama","R",96,88,74,14
"Fruitvale Station","2013","Drama","R",85,94,87,7
"Full Frontal","2002","Comedy","R",101,39,27,12
"Fun With Dick and Jane","2005","Comedy","PG-13",90,28,49,-21
"Funny People","2009","Comedy","R",146,69,48,21
"Fur: An Imaginary Portrait of Diane Arbus","2006","Drama","R",122,32,63,-31
"Furious 7","2015","Action & Adventure","PG-13",137,82,82,0
"G-Force","2009","Action & Adventure","PG",88,22,39,-17
"G.I. Joe: Retaliation","2013","Action & Adventure","PG-13",110,28,48,-20
"G.I. Joe: The Rise of Cobra","2009","Action & Adventure","PG-13",118,34,50,-16
"Game Night","2018","Comedy","R",100,85,77,8
"Gangster Squad","2013","Drama","R",110,31,57,-26
"Garden State","2004","Comedy","R",109,86,88,-2
"Garfield - The Movie","2004","Action & Adventure","PG",80,14,37,-23
"Gemini Man","2019","Action & Adventure","PG-13",117,26,83,-57
"Georgia Rule","2007","Comedy","R",113,18,52,-34
"Get Hard","2015","Comedy","R",99,28,45,-17
"Get Him to the Greek","2010","Comedy","R",108,72,62,10
"Get Low","2010","Drama","PG-13",102,85,75,10
"Get On Up","2014","Drama","PG-13",138,80,68,12
"Get Out","2017","Horror","R",104,98,86,12
"Get Rich or Die Tryin'","2005","Drama","R",117,16,70,-54
"Get Smart","2008","Action & Adventure","PG-13",111,50,67,-17
"Getaway","2013","Action & Adventure","PG-13",89,3,35,-32
"Ghost Rider","2007","Action & Adventure","PG-13",110,26,48,-22
"Ghost Rider: Spirit of Vengeance","2012","Action & Adventure","PG-13",96,18,31,-13
"Ghost Ship","2002","Horror","R",91,16,37,-21
"Ghost Stories","2018","Drama","NR",97,84,58,26
"Ghost Town","2008","Comedy","PG-13",103,85,60,25
"Ghost World","2001","Comedy","R",111,93,84,9
"Ghostbusters","2016","Action & Adventure","PG-13",117,74,50,24
"Ghosts of Girlfriends Past","2009","Comedy","PG-13",100,27,40,-13
"Ghosts of the Abyss","2003","Comedy","G",60,80,67,13
"Gifted","2017","Drama","PG-13",101,73,85,-12
"Gigli","2003","Action & Adventure","R",124,6,13,-7
"Gimme Danger","2016","Documentary","R",108,94,70,24
"Ginger & Rosa","2013","Drama","PG-13",90,78,50,28
"Girl With a Pearl Earring","2004","Drama","PG-13",99,72,68,4
"Girls Trip","2017","Comedy","R",122,91,78,13
"Glass","2019","Drama","PG-13",129,37,67,-30
"Gloria Bell","2019","Comedy","R",102,91,46,45
"Glory Road","2006","Drama","PG",117,55,81,-26
"Gnomeo and Juliet","2011","Action & Adventure","G",84,56,54,2
"God Bless America","2012","Comedy","R",107,65,68,-3
"Gods Of Egypt","2016","Action & Adventure","PG-13",121,16,37,-21
"Godsend","2003","Drama","PG-13",102,4,20,-16
"Godzilla: King of the Monsters","2019","Action & Adventure","PG-13",132,43,83,-40
"Gold","2017","Drama","R",120,42,45,-3
"Gone Baby Gone","2007","Drama","R",115,94,86,8
"Gone Girl","2014","Drama","R",149,87,87,0
"Gone in 60 Seconds (Gone in Sixty Seconds)","2000","Action & Adventure","PG-13",117,25,77,-52
"Good Boys","2019","Comedy","R",95,80,86,-6
"Good Luck Chuck","2007","Comedy","R",99,5,57,-52
"Good Night, And Good Luck","2005","Drama","PG",93,93,83,10
"Good Time","2017","Drama","R",101,92,81,11
"Goodbye Christopher Robin","2017","Drama","PG",107,63,71,-8
"Goodbye Solo","2009","Comedy","R",91,94,82,12
"Goodnight Mommy (Ich seh, Ich seh)","2015","Drama","R",100,85,65,20
"Goon","2012","Comedy","R",91,81,71,10
"Goosebumps","2015","Horror","PG",103,78,62,16
"Gosford Park","2001","Comedy","R",137,86,78,8
"Gothika","2003","Horror","R",96,15,45,-30
"Gran Torino","2009","Drama","R",117,81,90,-9
"Grandma","2015","Comedy","R",78,91,67,24
"Gravity","2013","Drama","PG-13",91,96,80,16
"Greed","2020","Comedy","R",104,47,33,14
"Green Book","2018","Drama","PG-13",130,77,91,-14
"Green Lantern","2011","Action & Adventure","PG-13",114,26,45,-19
"Green Room","2016","Horror","R",94,91,75,16
"Green Zone","2010","Drama","R",115,53,57,-4
"Greenberg","2010","Comedy","R",107,76,42,34
"Greta","2019","Drama","R",98,60,42,18
"Gridiron Gang","2006","Action & Adventure","PG-13",120,42,81,-39
"Gringo","2018","Action & Adventure","R",110,40,38,2
"Grizzly Man","2005","Documentary","R",103,92,85,7
"Grown Ups","2010","Comedy","PG-13",102,11,62,-51
"Grown Ups 2","2013","Comedy","PG-13",100,8,53,-45
"Grudge Match","2013","Comedy","PG-13",113,31,46,-15
"Guardians of the Galaxy","2014","Action & Adventure","PG-13",121,91,92,-1
"Guardians of the Galaxy Vol. 2","2017","Action & Adventure","PG-13",135,85,87,-2
"Guess Who","2005","Comedy","PG-13",105,42,49,-7
"Hacksaw Ridge","2016","Action & Adventure","R",139,84,91,-7
"Hail, Caesar!","2016","Comedy","PG-13",106,85,44,41
"Half Nelson","2006","Drama","R",106,90,83,7
"Hall Pass","2011","Comedy","R",106,33,40,-7
"Hamlet 2","2008","Comedy","R",94,62,56,6
"Hancock","2008","Action & Adventure","PG-13",92,41,59,-18
"Hands of Stone","2016","Action & Adventure","R",105,45,52,-7
"Hanna","2011","Action & Adventure","PG-13",111,71,66,5
"Hannah Montana: The Movie","2009","Comedy","G",92,43,67,-24
"Hannibal","2001","Drama","R",131,39,62,-23
"Hannibal Rising","2007","Drama","R",121,16,55,-39
"Hansel and Gretel: Witch Hunters","2013","Action & Adventure","R",88,16,53,-37
"Happy Death Day","2017","Horror","PG-13",96,71,66,5
"Happy Death Day 2U","2019","Horror","PG-13",100,71,58,13
"Happy Feet","2006","Animation","PG",108,76,70,6
"Happy Feet Two","2011","Animation","PG",100,45,60,-15
"Hard Candy","2006","Drama","R",103,67,78,-11
"Hardball","2001","Comedy","PG-13",106,41,70,-29
"Hardcore Henry","2016","Action & Adventure","R",95,51,54,-3
"Harold & Kumar Escape from Guantanamo Bay","2008","Comedy","R",102,52,60,-8
"Harold & Kumar Go to White Castle","2004","Action & Adventure","R",88,74,80,-6
"Harry Potter and the Deathly Hallows - Part 1","2010","Action & Adventure","PG-13",146,77,85,-8
"Harry Potter and the Deathly Hallows - Part 2","2011","Action & Adventure","PG-13",131,96,89,7
"Harry Potter and the Goblet of Fire","2005","Action & Adventure","PG-13",157,88,74,14
"Harry Potter and the Half-Blood Prince","2009","Action & Adventure","PG",153,84,78,6
"Harry Potter and the Order of the Phoenix","2007","Action & Adventure","PG-13",138,78,81,-3
"Harry Potter and the Sorcerer's Stone","2001","Action & Adventure","PG",152,81,82,-1
"Hart's War","2002","Drama","R",128,59,48,11
"Haywire","2012","Action & Adventure","R",92,80,41,39
"He Named Me Malala","2015","Documentary","PG-13",87,72,72,0
"He's Just Not That Into You","2009","Comedy","PG-13",129,42,59,-17
"Head of State","2003","Comedy","PG-13",95,30,47,-17
"Heartbreakers","2001","Comedy","PG-13",123,53,51,2
"Hearts Beat Loud","2018","Comedy","PG-13",97,92,73,19
"Hearts in Atlantis","2001","Drama","PG-13",101,49,64,-15
"Hedwig and the Angry Inch","2001","Comedy","R",95,92,93,-1
"Heights","2005","Drama","R",96,64,74,-10
"Heist","2001","Drama","R",107,66,60,6
"Hell or High Water","2016","Drama","R",97,97,88,9
"Hellboy","2004","Action & Adventure","PG-13",125,81,66,15
"Hellboy II: The Golden Army (Hellboy 2)","2008","Action & Adventure","PG-13",120,86,71,15
"Hello, My Name is Doris","2016","Drama","R",90,85,76,9
"Her","2013","Drama","R",119,95,82,13
"Herbie: Fully Loaded","2005","Comedy","G",100,40,38,2
"Hereafter","2010","Drama","PG-13",129,47,38,9
"Hereditary","2018","Drama","R",127,89,67,22
"Hidalgo","2004","Action & Adventure","PG-13",135,46,64,-18
"Hidden Figures","2017","Drama","PG",127,93,93,0
"High Crimes","2002","Drama","PG-13",115,31,50,-19
"High Fidelity","2000","Comedy","R",113,91,90,1
"High-Rise","2016","Action & Adventure","R",119,60,36,24
"Hit & Run","2012","Action & Adventure","R",95,48,49,-1
"Hitch","2005","Comedy","PG-13",117,69,62,7
"Hitchcock","2012","Drama","PG-13",98,60,60,0
"Hitchcock/Truffaut","2015","Documentary","PG-13",80,96,76,20
"Hitman","2007","Action & Adventure","R",93,15,57,-42
"Hitman: Agent 47","2015","Action & Adventure","R",96,9,40,-31
"Hobo With a Shotgun","2011","Action & Adventure","R",86,66,57,9
"Holes","2003","Action & Adventure","PG",118,78,76,2
"Hollow Man","2000","Action & Adventure","R",113,27,28,-1
"Hollywood Ending","2002","Comedy","PG-13",112,46,49,-3
"Hollywood Homicide","2003","Action & Adventure","PG-13",115,30,27,3
"Hollywoodland","2006","Drama","R",126,68,48,20
"Holy Motors","2012","Drama","NR",116,92,71,21
"Home Again","2017","Comedy","PG-13",97,32,44,-12
"Home on the Range","2004","Animation","PG",75,53,29,24
"Homefront","2013","Action & Adventure","R",100,43,61,-18
"Honey","2003","Drama","PG-13",94,21,71,-50
"Hoodwinked","2005","Animation","PG",81,46,56,-10
"Hop","2011","Comedy","PG",95,24,53,-29
"Horns","2014","Drama","R",121,41,49,-8
"Horrible Bosses","2011","Comedy","R",98,69,70,-1
"Horrible Bosses 2","2014","Comedy","R",108,34,47,-13
"Hostage","2005","Drama","R",113,35,62,-27
"Hostel","2006","Horror","R",95,61,53,8
"Hostel Part II","2007","Horror","R",94,44,39,5
"Hostiles","2018","Action & Adventure","R",133,70,75,-5
"Hot Fuzz","2007","Action & Adventure","R",121,91,89,2
"Hot Rod","2007","Action & Adventure","PG-13",88,39,64,-25
"Hot Tub Time Machine","2010","Comedy","R",99,64,56,8
"Hot Tub Time Machine 2","2015","Comedy","R",93,13,26,-13
"Hotel Artemis","2018","Action & Adventure","R",93,58,35,23
"Hotel Mumbai","2019","Drama","R",125,76,86,-10
"Hotel Rwanda","2004","Drama","PG-13",121,91,94,-3
"Hotel Transylvania","2012","Animation","PG",95,45,72,-27
"Hotel Transylvania 2","2015","Animation","PG",89,56,64,-8
"Hotel Transylvania 3: Summer Vacation","2018","Animation","PG",97,62,48,14
"Hotel for Dogs","2009","Action & Adventure","PG",100,46,54,-8
"House of D","2004","Drama","PG-13",96,10,73,-63
"House of Flying Daggers","2004","Action & Adventure","PG-13",119,87,82,5
"House of Sand and Fog","2003","Drama","R",126,74,83,-9
"How Do You Know","2010","Comedy","PG-13",121,31,24,7
"How To Be Single","2016","Comedy","R",110,47,47,0
"How to Build a Girl","2020","Comedy","R",102,79,58,21
"How to Lose Friends & Alienate People","2008","Comedy","R",109,37,42,-5
"How to Lose a Guy in 10 Days","2003","Comedy","PG-13",116,42,77,-35
"How to Train Your Dragon","2010","Animation","PG",98,99,91,8
"How to Train Your Dragon 2","2014","Action & Adventure","PG",102,91,90,1
"How to Train Your Dragon: The Hidden World","2019","Action & Adventure","PG",104,90,86,4
"Howl","2010","Animation","R",84,63,58,5
"Howl's Moving Castle","2005","Animation","PG",119,87,93,-6
"Hulk","2003","Action & Adventure","PG-13",138,62,29,33
"Human Flow","2017","Documentary","PG-13",140,91,81,10
"Humpday","2009","Comedy","R",94,79,51,28
"Hunt for the Wilderpeople","2016","Action & Adventure","NR",101,96,91,5
"Hunter Killer","2018","Action & Adventure","R",121,36,69,-33
"Hustle & Flow","2005","Drama","R",115,83,83,0
"Hustlers","2019","Drama","R",110,87,65,22
"Hyde Park on Hudson","2012","Comedy","R",94,37,31,6
"Hysteria","2012","Comedy","R",99,59,54,5
"I Am Legend","2007","Action & Adventure","PG-13",101,68,68,0
"I Am Not Your Negro","2017","Documentary","PG-13",95,99,83,16
"I Am Number Four","2011","Action & Adventure","PG-13",110,33,57,-24
"I Am Sam","2001","Drama","PG-13",132,35,87,-52
"I Don't Know How She Does It","2011","Comedy","PG-13",91,17,32,-15
"I Dreamed of Africa","2000","Drama","PG-13",114,10,56,-46
"I Feel Pretty","2018","Comedy","PG-13",110,35,35,0
"I Heart Huckabees","2004","Comedy","R",106,63,75,-12
"I Love You Beth Cooper","2009","Comedy","PG-13",102,13,32,-19
"I Love You Phillip Morris","2010","Comedy","R",98,71,61,10
"I Love You, Man","2009","Comedy","R",105,83,74,9
"I Now Pronounce You Chuck & Larry","2007","Comedy","PG-13",115,15,69,-54
"I Origins","2014","Drama","R",117,52,69,-17
"I Saw the Light","2016","Drama","R",123,18,36,-18
"I Spy","2002","Action & Adventure","PG-13",96,16,33,-17
"I Think I Love My Wife","2007","Comedy","R",94,19,41,-22
"I'm Not There","2007","Drama","R",135,77,69,8
"I'm So Excited!","2013","Comedy","R",89,49,37,12
"I'm Still Here","2010","Documentary","R",108,53,38,15
"I, Frankenstein","2014","Horror","PG-13",93,5,38,-33
"I, Robot","2004","Action & Adventure","PG-13",115,56,70,-14
"I, Tonya","2018","Drama","R",121,89,88,1
"Ice Age","2002","Animation","PG",81,77,82,-5
"Ice Age 2: The Meltdown","2006","Action & Adventure","PG",91,56,71,-15
"Ice Age: Collision Course","2016","Animation","PG",94,18,39,-21
"Ice Age: Continental Drift","2012","Action & Adventure","PG",87,37,62,-25
"Ice Age: Dawn of the Dinosaurs (Ice Age 3)","2009","Action & Adventure","PG",94,46,62,-16
"Ice Princess","2005","Comedy","G",98,52,58,-6
"Ida","2014","Drama","PG-13",80,96,79,17
"Identity","2003","Horror","R",90,62,75,-13
"Identity Thief","2013","Comedy","R",106,19,53,-34
"Idlewild","2006","Drama","R",121,47,66,-19
"If I Stay","2014","Drama","PG-13",106,35,61,-26
"Igby Goes Down","2002","Comedy","R",104,76,80,-4
"Imagine That","2009","Comedy","PG",107,40,40,0
"Immortals","2011","Action & Adventure","R",110,46,48,-2
"In America","2003","Comedy","PG-13",103,89,91,-2
"In Bruges","2008","Comedy","R",107,84,87,-3
"In Darkness","2012","Drama","R",145,88,80,8
"In Fabric","2019","Comedy","R",118,92,47,45
"In Good Company","2004","Comedy","PG-13",110,83,54,29
"In Her Shoes","2005","Comedy","PG-13",129,75,66,9
"In a World...","2013","Comedy","R",93,92,71,21
"In the Cut","2003","Drama","R",118,32,34,-2
"In the Heart of the Sea","2015","Action & Adventure","PG-13",116,43,53,-10
"In the Land of Women","2007","Comedy","PG-13",100,44,52,-8
"In the Shadow of the Moon","2007","Documentary","PG",100,95,91,4
"In the Valley of Elah","2007","Drama","R",121,74,77,-3
"Incendies","2011","Drama","R",130,93,92,1
"Inception","2010","Action & Adventure","PG-13",148,87,91,-4
"Incredibles 2","2018","Action & Adventure","PG",118,93,84,9
"Independence Day: Resurgence","2016","Action & Adventure","PG-13",120,30,30,0
"Indiana Jones and the Kingdom of the Crystal Skull","2008","Action & Adventure","PG-13",122,78,54,24
"Indignation","2016","Drama","R",110,81,74,7
"Infamous","2006","Drama","R",118,74,69,5
"Infinitely Polar Bear","2015","Comedy","R",87,82,71,11
"Inglourious Basterds","2009","Action & Adventure","R",152,89,88,1
"Ingrid Goes West","2017","Comedy","R",98,86,71,15
"Inherent Vice","2015","Drama","R",148,74,52,22
"Inkheart","2009","Action & Adventure","PG",105,39,45,-6
"Inside Deep Throat","2005","Documentary","NC17",90,82,67,15
"Inside Job","2010","Documentary","PG-13",108,98,91,7
"Inside Llewyn Davis","2013","Drama","R",104,92,74,18
"Inside Man","2006","Action & Adventure","R",129,86,85,1
"Inside Out","2015","Animation","PG",95,98,89,9
"Insidious","2011","Horror","PG-13",101,66,62,4
"Insidious: Chapter 2","2013","Horror","PG-13",105,39,57,-18
"Insidious: Chapter 3","2015","Horror","PG-13",97,57,51,6
"Insidious: The Last Key","2018","Horror","PG-13",103,33,51,-18
"Insomnia","2002","Drama","R",118,92,77,15
"Instant Family","2018","Comedy","PG-13",119,80,82,-2
"Insurgent","2015","Action & Adventure","PG-13",118,28,58,-30
"Interstellar","2014","Action & Adventure","PG-13",165,72,86,-14
"Into The Abyss","2011","Documentary","PG-13",107,92,76,16
"Into the Blue","2005","Action & Adventure","PG-13",110,21,57,-36
"Into the Wild","2007","Action & Adventure","R",147,83,89,-6
"Intolerable Cruelty","2003","Comedy","PG-13",100,75,48,27
"Invictus","2009","Drama","PG-13",134,77,75,2
"Iris","2001","Drama","R",90,79,73,6
"Iron Man","2008","Action & Adventure","PG-13",126,94,91,3
"Iron Man 2","2010","Action & Adventure","PG-13",124,72,71,1
"Iron Man 3","2013","Action & Adventure","PG-13",130,79,78,1
"Irrational Man","2015","Drama","R",94,47,46,1
"Is Anybody There?","2009","Comedy","PG-13",92,65,55,10
"Isle of Dogs","2018","Action & Adventure","PG-13",101,90,87,3
"Isn't It Romantic","2019","Comedy","PG-13",88,70,47,23
"It Chapter Two","2019","Horror","R",169,63,78,-15
"It Comes At Night","2017","Drama","R",97,87,44,43
"It Follows","2015","Horror","R",101,95,66,29
"It Might Get Loud","2009","Documentary","PG",97,79,85,-6
"It's Complicated","2009","Comedy","R",120,58,60,-2
"It's Kind of a Funny Story","2010","Comedy","PG-13",100,57,66,-9
"JCVD (Van Dammage)","2008","Action & Adventure","R",96,84,74,10
"Jack Goes Boating","2010","Comedy","R",90,68,48,20
"Jack Reacher","2012","Drama","PG-13",130,64,67,-3
"Jack Ryan: Shadow Recruit","2014","Action & Adventure","PG-13",105,54,53,1
"Jack and Jill","2011","Comedy","PG",90,3,36,-33
"Jack the Giant Slayer","2013","Action & Adventure","PG-13",113,52,55,-3
"Jackass 3","2010","Action & Adventure","R",94,65,69,-4
"Jackass Presents: Bad Grandpa","2013","Comedy","R",92,61,60,1
"Jackass: Number Two","2006","Comedy","R",92,63,80,-17
"Jackie","2016","Drama","R",99,87,60,27
"Jarhead","2005","Drama","R",123,61,68,-7
"Jason Bourne","2016","Action & Adventure","PG-13",123,54,55,-1
"Jason X","2002","Horror","R",92,20,25,-5
"Jay and Silent Bob Strike Back","2001","Comedy","R",104,52,75,-23
"Jeepers Creepers","2001","Horror","R",89,46,48,-2
"Jeepers Creepers 2","2003","Horror","R",104,24,37,-13
"Jeff Who Lives at Home","2012","Comedy","R",83,77,62,15
"Jennifer's Body","2009","Comedy","R",101,45,34,11
"Jersey Girl","2004","Comedy","PG-13",97,42,48,-6
"Jesus Camp","2006","Documentary","PG-13",87,87,80,7
"Jet Li's Fearless (Huo Yuan Jia) (Legend of a Fighter)","2006","Action & Adventure","PG-13",103,73,86,-13
"Joan Rivers: A Piece Of Work","2010","Comedy","R",84,92,82,10
"Jobs","2013","Drama","PG-13",125,28,40,-12
"Jodorowsky's Dune","2014","Documentary","PG-13",88,97,89,8
"John Carpenter's Ghosts of Mars","2001","Action & Adventure","R",97,21,24,-3
"John Carter","2012","Action & Adventure","PG-13",132,52,60,-8
"John Q","2002","Drama","PG-13",118,23,78,-55
"John Wick","2014","Action & Adventure","R",101,87,81,6
"John Wick: Chapter 2","2017","Action & Adventure","R",122,89,85,4
"John Wick: Chapter 3 - Parabellum","2019","Action & Adventure","R",131,90,86,4
"Johnny English","2003","Comedy","PG",86,33,50,-17
"Joker","2019","Action & Adventure","R",122,68,88,-20
"Jonah Hex","2010","Action & Adventure","PG-13",81,12,20,-8
"Josie and the Pussycats","2001","Comedy","PG-13",98,53,52,1
"Journey 2: The Mysterious Island","2012","Action & Adventure","PG",94,45,59,-14
"Journey's End","2018","Drama","R",107,92,72,20
"Joy","2015","Drama","PG-13",123,61,57,4
"Joyful Noise","2012","Comedy","PG-13",117,32,65,-33
"Judy","2019","Drama","PG-13",118,82,85,-3
"Judy & Punch","2020","Drama","NR",105,77,60,17
"Julie & Julia","2009","Comedy","PG-13",124,77,70,7
"Juliet, Naked","2018","Comedy","R",105,83,74,9
"Jumanji: The Next Level","2019","Action & Adventure","PG-13",123,72,87,-15
"Jumanji: Welcome to the Jungle","2017","Action & Adventure","PG-13",119,76,87,-11
"Jumper","2008","Action & Adventure","PG-13",88,15,44,-29
"Juno","2007","Comedy","PG-13",96,94,88,6
"Jupiter Ascending","2015","Action & Adventure","PG-13",127,27,38,-11
"Jurassic Park III","2001","Action & Adventure","PG-13",91,49,36,13
"Jurassic World","2015","Action & Adventure","PG-13",124,70,78,-8
"Jurassic World: Fallen Kingdom","2018","Action & Adventure","PG-13",128,47,48,-1
"Just Go with It","2011","Comedy","PG-13",115,19,59,-40
"Just Like Heaven","2005","Comedy","PG-13",95,55,75,-20
"Just Mercy","2020","Drama","PG-13",136,84,99,-15
"Just My Luck","2006","Comedy","PG-13",103,14,48,-34
"Just Wright","2010","Comedy","PG",101,46,61,-15
"Justice League","2017","Action & Adventure","PG-13",119,40,71,-31
"Justin Bieber: Never Say Never","2011","Documentary","G",105,65,65,0
"K-19: The Widowmaker","2002","Action & Adventure","PG-13",138,61,52,9
"K-PAX","2001","Comedy","PG-13",120,42,75,-33
"Kaboom","2011","Comedy","NR",86,60,41,19
"Kangaroo Jack","2003","Action & Adventure","PG",89,8,29,-21
"Kate & Leopold","2001","Comedy","PG-13",121,50,62,-12
"Keanu","2016","Action & Adventure","R",100,77,55,22
"Kedi","2017","Documentary","NR",80,98,85,13
"Keeping Up With The Joneses","2016","Comedy","PG-13",100,20,37,-17
"Kick-Ass","2010","Action & Adventure","R",117,76,81,-5
"Kick-Ass 2","2013","Action & Adventure","R",103,32,57,-25
"Kicking & Screaming","2005","Comedy","PG",94,41,43,-2
"Kill Bill: Volume 1","2003","Action & Adventure","R",110,85,81,4
"Kill Bill: Volume 2","2004","Action & Adventure","R",137,84,89,-5
"Kill Your Darlings","2013","Drama","R",102,77,60,17
"Kill the Messenger","2014","Drama","R",112,77,69,8
"Killer Elite","2011","Action & Adventure","R",117,27,42,-15
"Killer Joe","2012","Comedy","R",101,79,61,18
"Killers","2010","Action & Adventure","PG-13",100,10,41,-31
"Killing Them Softly","2012","Comedy","R",97,73,44,29
"King Arthur","2004","Action & Adventure","PG-13",126,31,59,-28
"King Arthur: Legend Of The Sword","2017","Action & Adventure","PG-13",126,30,69,-39
"Kingdom of Heaven","2005","Action & Adventure","R",145,39,72,-33
"Kingsman: The Golden Circle","2017","Action & Adventure","R",141,51,64,-13
"Kinky Boots","2006","Comedy","PG-13",107,56,74,-18
"Kinsey","2004","Drama","R",118,90,75,15
"Kiss Kiss, Bang Bang","2005","Comedy","R",102,86,87,-1
"Kiss of the Dragon","2001","Action & Adventure","R",97,52,68,-16
"Kissing Jessica Stein","2002","Comedy","R",94,83,65,18
"Kit Kittredge: An American Girl","2008","Comedy","G",100,80,69,11
"Knight & Day","2010","Action & Adventure","PG-13",109,52,49,3
"Knight of Cups","2016","Drama","R",118,47,37,10
"Knives Out","2019","Drama","PG-13",130,97,92,5
"Knock Down the House","2019","Documentary","PG",86,99,20,79
"Knockaround Guys","2002","Action & Adventure","R",87,21,51,-30
"Knocked Up","2007","Comedy","R",129,90,83,7
"Knowing","2009","Drama","PG-13",115,33,42,-9
"Kong: Skull Island","2017","Action & Adventure","PG-13",118,75,69,6
"Kubo and the Two Strings","2016","Action & Adventure","PG",102,97,86,11
"Kumiko, the Treasure Hunter","2015","Drama","NR",104,88,62,26
"Kung Fu Hustle","2005","Action & Adventure","R",99,90,89,1
"Kung Fu Panda","2008","Action & Adventure","PG",91,87,83,4
"Kung Fu Panda 2","2011","Action & Adventure","PG",90,81,74,7
"Kung Fu Panda 3","2016","Animation","PG",95,87,78,9
"La La Land","2016","Comedy","PG-13",128,91,81,10
"Labor Day","2014","Drama","PG-13",111,35,54,-19
"Ladder 49","2004","Action & Adventure","PG-13",114,41,81,-40
"Lady Bird","2017","Comedy","R",94,99,79,20
"Lady in the Water","2006","Drama","PG-13",110,25,49,-24
"Laggies","2014","Drama","R",100,65,50,15
"Lakeview Terrace","2008","Drama","PG-13",106,44,39,5
"Land of the Dead","2005","Action & Adventure","R",93,74,51,23
"Land of the Lost","2009","Action & Adventure","PG-13",102,26,32,-6
"Landline","2017","Comedy","R",93,74,64,10
"Lantana","2002","Drama","R",121,90,82,8
"Lara Croft - Tomb Raider","2001","Action & Adventure","PG-13",100,20,47,-27
"Lara Croft Tomb Raider - The Cradle of Life","2003","Action & Adventure","PG-13",118,24,44,-20
"Larry Crowne","2011","Comedy","PG-13",98,37,41,-4
"Lars and the Real Girl","2007","Comedy","PG-13",107,81,84,-3
"Last Chance Harvey","2009","Drama","PG-13",92,71,53,18
"Last Days","2005","Drama","R",96,58,50,8
"Last Flag Flying","2017","Comedy","R",124,78,71,7
"Last Vegas","2013","Comedy","PG-13",104,46,59,-13
"Law Abiding Citizen","2009","Drama","R",108,26,75,-49
"Lawless","2012","Drama","R",115,66,74,-8
"Laws of Attraction","2004","Comedy","PG-13",89,18,47,-29
"Layer Cake","2005","Action & Adventure","R",105,80,84,-4
"Le Divorce","2003","Comedy","PG-13",117,36,26,10
"Le Week-End","2014","Drama","R",93,89,56,33
"Le passé (The Past)","2013","Drama","PG-13",130,93,83,10
"Lean on Pete","2018","Drama","R",122,90,74,16
"Leap Year","2010","Comedy","PG",100,23,47,-24
"Leatherheads","2008","Comedy","PG-13",114,51,38,13
"Leave No Trace","2018","Drama","PG",108,100,81,19
"Lee Daniels' The Butler","2013","Drama","PG-13",132,72,78,-6
"Legally Blonde","2001","Comedy","PG-13",96,70,72,-2
"Legally Blonde 2 - Red, White & Blonde","2003","Comedy","PG-13",94,37,43,-6
"Legend of the Guardians: The Owls of Ga'Hoole","2010","Action & Adventure","PG",91,52,63,-11
"Legion","2010","Action & Adventure","R",104,19,31,-12
"Lemony Snicket's A Series of Unfortunate Events","2004","Action & Adventure","PG",107,72,63,9
"Les Misérables","2012","Drama","PG-13",158,69,79,-10
"Let Me In","2010","Drama","R",115,88,76,12
"Letters from Iwo Jima","2006","Drama","R",141,91,86,5
"Letters to Juliet","2010","Comedy","PG",105,42,62,-20
"Leviathan","2014","Drama","NR",142,98,80,18
"Liberal Arts","2012","Comedy","PG-13",97,71,60,11
"License to Wed","2007","Comedy","PG-13",91,7,53,-46
"Life During Wartime","2010","Comedy","R",98,68,48,20
"Life Itself","2014","Documentary","R",120,98,88,10
"Life as We Know It","2010","Comedy","PG-13",113,29,61,-32
"Life as a House","2001","Drama","R",124,47,88,-41
"Life of Pi","2012","Action & Adventure","PG",125,87,84,3
"Life of the Party","2018","Comedy","PG-13",105,38,39,-1
"Life or Something Like It","2002","Comedy","PG-13",103,28,44,-16
"Life, Animated","2016","Documentary","PG",91,94,81,13
"Lights Out","2016","Horror","PG-13",77,76,61,15
"Like Crazy","2011","Drama","PG-13",89,72,61,11
"Like Father, Like Son","2014","Drama","NR",120,87,89,-2
"Lilo & Stitch","2002","Action & Adventure","PG",85,86,77,9
"Lincoln","2012","Drama","PG-13",149,89,81,8
"Lion","2016","Drama","PG-13",121,84,91,-7
"Lions for Lambs","2007","Drama","R",92,27,47,-20
"Listen Up Philip","2014","Drama","NR",109,82,54,28
"Little","2019","Comedy","PG-13",109,46,60,-14
"Little Black Book","2004","Comedy","PG-13",106,22,37,-15
"Little Children","2006","Comedy","R",130,80,82,-2
"Little Fockers","2010","Comedy","PG-13",97,9,34,-25
"Little Joe","2019","Drama","NR",105,68,42,26
"Little Miss Sunshine","2006","Comedy","R",102,91,91,0
"Little Nicky","2000","Comedy","PG-13",90,22,56,-34
"Live By Night","2017","Drama","R",129,35,41,-6
"Live Die Repeat: Edge of Tomorrow","2014","Drama","PG-13",113,91,90,1
"Live Free or Die Hard","2007","Action & Adventure","PG-13",129,82,86,-4
"Lizzie","2018","Drama","R",105,66,48,18
"Lo and Behold, Reveries of the Connected World","2016","Documentary","PG-13",98,93,67,26
"Locke","2014","Drama","R",84,91,72,19
"Lockout","2012","Action & Adventure","PG-13",95,38,46,-8
"Logan","2017","Action & Adventure","R",137,93,90,3
"Logan Lucky","2017","Comedy","PG-13",119,92,76,16
"London Has Fallen","2016","Action & Adventure","R",99,28,51,-23
"Lone Survivor","2014","Action & Adventure","R",121,75,87,-12
"Long Shot","2019","Comedy","R",123,81,74,7
"Looking for Comedy in the Muslim World","2006","Comedy","PG-13",99,42,27,15
"Looney Tunes: Back in Action","2003","Animation","PG",91,56,50,6
"Looper","2012","Action & Adventure","R",119,93,82,11
"Lord of War","2005","Action & Adventure","R",122,61,84,-23
"Lords of Dogtown","2005","Action & Adventure","PG-13",106,55,81,-26
"Lost In Translation","2003","Comedy","R",102,95,85,10
"Lost in La Mancha","2003","Documentary","R",92,94,77,17
"Louder Than Bombs","2016","Drama","R",109,73,52,21
"Love & Friendship","2016","Comedy","PG",93,97,60,37
"Love & Mercy","2015","Drama","PG-13",120,89,85,4
"Love Actually","2003","Comedy","R",135,64,72,-8
"Love Happens","2009","Drama","PG-13",109,16,37,-21
"Love Is All You Need","2013","Comedy","R",116,75,59,16
"Love Is Strange","2014","Drama","R",94,93,66,27
"Love and Other Drugs","2010","Comedy","R",112,49,53,-4
"Love in the Time of Cholera","2007","Drama","R",138,26,45,-19
"Love the Coopers","2015","Comedy","PG-13",107,18,36,-18
"Love, Simon","2018","Drama","PG-13",110,91,88,3
"Lovelace","2013","Drama","R",93,53,36,17
"Loving","2016","Drama","PG-13",123,89,76,13
"Loving Vincent","2017","Animation","PG-13",95,85,86,-1
"Luce","2019","Drama","R",109,90,77,13
"Lucky Number Slevin","2006","Drama","R",110,52,87,-35
"Lucky You","2007","Drama","PG-13",124,29,28,1
"Lucy","2014","Action & Adventure","R",88,67,47,20
"Lucy in the Sky","2019","Drama","R",124,21,31,-10
"Lust, Caution","2007","Drama","NC17",155,72,84,-12
"Lymelife","2008","Drama","R",95,63,52,11
"MacGruber","2010","Action & Adventure","R",90,48,35,13
"Machete","2010","Action & Adventure","R",104,72,63,9
"Machete Kills","2013","Action & Adventure","R",107,29,35,-6
"Machine Gun Preacher","2011","Action & Adventure","R",127,27,62,-35
"Mad Hot Ballroom","2005","Documentary","PG",115,84,83,1
"Mad Max: Fury Road","2015","Action & Adventure","R",120,97,85,12
"Mad Money","2008","Comedy","PG-13",103,22,48,-26
"Madagascar","2005","Animation","PG",86,54,70,-16
"Madagascar 3: Europe's Most Wanted","2012","Action & Adventure","PG",85,78,72,6
"Madagascar: Escape 2 Africa","2008","Action & Adventure","PG",88,64,66,-2
"Made","2001","Action & Adventure","R",94,71,67,4
"Made in Dagenham","2010","Drama","R",113,80,75,5
"Made of Honor","2008","Comedy","PG-13",101,15,55,-40
"Madeline's Madeline","2018","Drama","NR",94,88,44,44
"Maggie","2015","Drama","PG-13",94,60,32,28
"Maggie's Plan","2016","Comedy","R",98,87,52,35
"Magic Mike","2012","Comedy","R",110,79,60,19
"Magic Mike XXL","2015","Comedy","R",115,65,55,10
"Magic in the Moonlight","2014","Comedy","PG-13",97,51,45,6
"Maid in Manhattan","2002","Comedy","PG-13",105,38,43,-5
"Maiden","2019","Documentary","PG",93,98,97,1
"Maleficent: Mistress of Evil","2019","Action & Adventure","PG",118,40,95,-55
"Mamma Mia!","2008","Comedy","PG-13",109,55,66,-11
"Mamma Mia! Here We Go Again","2018","Comedy","PG-13",114,79,66,13
"Man of Steel","2013","Action & Adventure","PG-13",143,56,75,-19
"Man of the Year","2006","Comedy","PG",115,22,45,-23
"Man on Fire","2004","Action & Adventure","R",145,38,89,-51
"Man on Wire","2008","Documentary","PG-13",90,100,87,13
"Man on a Ledge","2012","Drama","PG-13",102,32,52,-20
"Manchester by the Sea","2016","Drama","R",137,96,78,18
"Mandela: Long Walk to Freedom","2013","Drama","PG-13",146,61,68,-7
"Manderlay","2006","Drama","NR",139,50,75,-25
"Mandy","2018","Action & Adventure","NR",121,91,66,25
"Maps to the Stars","2015","Comedy","R",112,61,44,17
"March of the Penguins","2005","Documentary","G",80,94,81,13
"Marianne & Leonard: Words of Love","2019","Documentary","R",97,79,85,-6
"Marie Antoinette","2006","Documentary","PG-13",123,57,56,1
"Mark Felt: The Man Who Brought Down the White House","2017","Drama","PG-13",103,35,40,-5
"Marley","2012","Documentary","PG-13",144,95,90,5
"Marley & Me","2008","Comedy","PG",116,62,75,-13
"Marmaduke","2010","Comedy","PG",88,9,42,-33
"Marriage Story","2019","Drama","R",136,94,85,9
"Married Life","2008","Comedy","PG-13",90,54,36,18
"Mars Needs Moms","2011","Action & Adventure","PG",88,37,40,-3
"Marshall","2017","Drama","PG-13",118,81,84,-3
"Martha Marcy May Marlene","2011","Drama","R",101,90,71,19
"Martian Child","2007","Comedy","PG",106,35,72,-37
"Marvel's The Avengers","2012","Action & Adventure","PG-13",143,92,91,1
"Mary Magdalene","2019","Drama","R",120,44,47,-3
"Mary Queen of Scots","2018","Drama","R",124,62,41,21
"Mary Shelley","2018","Drama","PG-13",120,38,47,-9
"Master and Commander: The Far Side of the World","2003","Action & Adventure","PG-13",139,85,80,5
"Match Point","2005","Drama","R",124,77,81,-4
"Matchstick Men","2003","Comedy","PG-13",116,82,74,8
"Max","2002","Drama","R",109,69,64,5
"Max Payne","2008","Action & Adventure","PG-13",99,16,29,-13
"Maze Runner: The Death Cure","2018","Action & Adventure","PG-13",142,43,59,-16
"Maze Runner: The Scorch Trials","2015","Action & Adventure","PG-13",131,46,54,-8
"McFarland USA","2015","Drama","PG",129,81,88,-7
"McQueen","2018","Documentary","NR",111,99,79,20
"Me Before You","2016","Drama","PG-13",110,54,73,-19
"Me and Earl and the Dying Girl","2015","Drama","PG-13",105,81,86,-5
"Mean Creek","2004","Drama","R",89,89,82,7
"Mean Girls","2004","Comedy","PG-13",97,84,66,18
"Meek's Cutoff","2011","Drama","PG",101,86,54,32
"Meet Dave","2008","Comedy","PG",90,20,35,-15
"Meet the Fockers","2004","Comedy","PG-13",115,39,58,-19
"Meet the Parents","2000","Comedy","PG-13",108,84,79,5
"Meet the Robinsons","2007","Action & Adventure","G",94,67,74,-7
"Megamind","2010","Action & Adventure","PG",96,72,72,0
"Megan Leavey","2017","Drama","PG-13",116,87,82,5
"Melinda and Melinda","2005","Comedy","PG-13",100,52,47,5
"Memento","2000","Drama","R",116,93,94,-1
"Memoirs of a Geisha","2005","Drama","PG-13",136,35,83,-48
"Men in Black II","2002","Comedy","PG-13",88,39,45,-6
"Men in Black III","2012","Action & Adventure","PG-13",104,68,70,-2
"Men in Black International","2019","Action & Adventure","PG-13",115,23,66,-43
"Men of Honor","2000","Drama","R",129,42,81,-39
"Men, Women & Children","2014","Comedy","R",119,34,44,-10
"Menashe","2017","Drama","PG",82,96,65,31
"Metallica: Some Kind of Monster","2004","Documentary","R",140,89,83,6
"Miami Vice","2006","Action & Adventure","R",135,47,43,4
"Michael Clayton","2007","Drama","R",120,91,69,22
"Michael Jackson's This Is It","2009","Documentary","PG",111,81,82,-1
"Mid90s","2018","Comedy","R",84,80,80,0
"Midnight Special","2016","Drama","PG-13",111,84,67,17
"Midnight in Paris","2011","Comedy","PG-13",94,93,83,10
"Midsommar","2019","Horror","R",145,83,63,20
"Mike and Dave Need Wedding Dates","2016","Comedy","R",98,38,51,-13
"Mile 22","2018","Action & Adventure","R",95,23,44,-21
"Miles Ahead","2016","Drama","R",96,74,57,17
"Military Wives","2020","Comedy","PG-13",112,76,61,15
"Milk","2008","Drama","R",128,93,89,4
"Million Dollar Arm","2014","Comedy","PG",123,65,68,-3
"Million Dollar Baby","2004","Drama","PG-13",132,91,90,1
"Millions","2005","Comedy","PG",97,88,78,10
"Mindhunters","2005","Action & Adventure","R",106,24,57,-33
"Minions","2015","Animation","PG",91,55,49,6
"Minority Report","2002","Action & Adventure","PG-13",144,90,80,10
"Miracle","2004","Drama","PG",135,81,90,-9
"Miracle at St. Anna","2008","Drama","R",160,33,51,-18
"Miss Congeniality","2000","Action & Adventure","PG-13",105,41,69,-28
"Miss Congeniality 2 - Armed and Fabulous","2005","Comedy","PG-13",115,15,43,-28
"Miss Juneteenth","2020","Drama","NR",103,99,61,38
"Miss Pettigrew Lives for a Day","2008","Comedy","PG-13",92,78,71,7
"Miss Potter","2007","Drama","PG",92,67,68,-1
"Missing Link","2019","Action & Adventure","PG",94,89,67,22
"Mission to Mars","2000","Drama","PG",112,24,30,-6
"Mission: Impossible - Fallout","2018","Action & Adventure","PG-13",147,97,88,9
"Mission: Impossible 2","2000","Action & Adventure","PG-13",123,57,42,15
"Mission: Impossible Ghost Protocol","2011","Action & Adventure","PG-13",133,94,76,18
"Mission: Impossible III","2006","Action & Adventure","PG-13",126,71,69,2
"Mission: Impossible Rogue Nation","2015","Action & Adventure","PG-13",131,93,87,6
"Mississippi Grind","2015","Drama","R",108,91,55,36
"Moana","2016","Action & Adventure","PG",113,95,89,6
"Molly's Game","2018","Drama","R",141,81,84,-3
"Mom and Dad","2018","Comedy","R",123,75,39,36
"Mommy","2015","Drama","R",139,89,89,0
"Mona Lisa Smile","2003","Comedy","PG-13",117,34,60,-26
"Money Monster","2016","Drama","R",98,59,51,8
"Moneyball","2011","Drama","PG-13",133,94,86,8
"Monkeybone","2001","Animation","PG-13",92,19,27,-8
"Monsoon Wedding","2002","Comedy","R",100,95,87,8
"Monster","2004","Drama","R",109,81,81,0
"Monster House","2006","Action & Adventure","PG",91,75,63,12
"Monster's Ball","2002","Drama","R",111,85,67,18
"Monster-in-Law","2005","Comedy","PG-13",100,18,55,-37
"Monsters University","2013","Action & Adventure","G",102,80,81,-1
"Monsters vs. Aliens","2009","Action & Adventure","PG",94,73,59,14
"Monsters, Inc.","2001","Animation","G",92,96,90,6
"Moonlight Mile","2002","Drama","PG-13",117,63,66,-3
"Moonrise Kingdom","2012","Comedy","PG-13",94,94,86,8
"Morgan","2016","Drama","R",88,38,30,8
"Mortal Engines","2018","Action & Adventure","PG-13",128,26,49,-23
"Mortdecai","2015","Action & Adventure","R",106,12,30,-18
"Mother and Child","2010","Drama","R",126,78,76,2
"Moulin Rouge!","2001","Drama","PG-13",126,76,89,-13
"Mowgli: Legend of the Jungle","2018","Action & Adventure","PG-13",105,53,51,2
"Mr. 3000","2004","Comedy","PG-13",102,55,30,25
"Mr. Bean's Holiday","2007","Comedy","PG",88,52,49,3
"Mr. Brooks","2007","Drama","R",121,55,76,-21
"Mr. Deeds","2002","Comedy","PG-13",96,22,59,-37
"Mr. Magorium's Wonder Emporium","2007","Comedy","G",95,38,55,-17
"Mr. Peabody & Sherman","2014","Action & Adventure","PG",91,81,73,8
"Mr. Popper's Penguins","2011","Comedy","PG",94,47,53,-6
"Mr. Turner","2014","Drama","R",149,97,56,41
"Mr. Woodcock","2007","Comedy","PG-13",87,14,32,-18
"Mrs. Henderson Presents","2006","Comedy","R",103,67,72,-5
"Mud","2013","Drama","PG-13",130,97,80,17
"Mudbound","2017","Drama","R",134,97,85,12
"Mulholland Drive","2001","Drama","R",146,83,87,-4
"Munich","2005","Drama","R",164,78,83,-5
"Muppets Most Wanted","2014","Comedy","PG",106,80,58,22
"Murder On The Orient Express","2017","Drama","PG-13",114,61,53,8
"Murder by Numbers","2002","Drama","R",120,31,49,-18
"Music and Lyrics","2007","Comedy","PG-13",96,63,68,-5
"Must Love Dogs","2005","Comedy","PG-13",98,36,50,-14
"Mustang","2015","Drama","PG-13",97,97,88,9
"My Big Fat Greek Wedding","2002","Comedy","PG",95,76,73,3
"My Big Fat Greek Wedding 2","2016","Comedy","PG-13",94,27,53,-26
"My Bloody Valentine 3-D","2009","Horror","R",101,63,44,19
"My Blueberry Nights","2007","Drama","PG-13",90,46,61,-15
"My Cousin Rachel","2017","Drama","PG-13",106,76,45,31
"My Friend Dahmer","2017","Drama","R",107,86,61,25
"My Life as a Zucchini (Ma vie de courgette)","2017","Animation","PG-13",66,99,89,10
"My Life in Ruins","2009","Comedy","PG-13",96,10,44,-34
"My Sister's Keeper","2009","Drama","PG-13",108,48,72,-24
"My Super Ex-Girlfriend","2006","Comedy","PG-13",96,39,31,8
"My Week with Marilyn","2011","Drama","R",101,83,71,12
"Mystic River","2003","Drama","R",137,88,89,-1
"Nacho Libre","2006","Comedy","PG",91,40,54,-14
"Nancy Drew","2007","Action & Adventure","PG",99,50,59,-9
"Nanny McPhee","2006","Comedy","PG",99,73,64,9
"Nanny McPhee Returns","2010","Comedy","PG",109,76,55,21
"Napoleon Dynamite","2004","Comedy","PG",86,71,74,-3
"Narc","2002","Action & Adventure","R",105,84,79,5
"National Treasure","2004","Action & Adventure","PG",130,46,76,-30
"National Treasure: Book of Secrets","2007","Action & Adventure","PG",130,36,67,-31
"Nebraska","2013","Drama","R",114,91,83,8
"Need For Speed","2014","Action & Adventure","PG-13",130,22,57,-35
"Neighbors 2: Sorority Rising","2016","Comedy","R",92,64,44,20
"Never Let Me Go","2010","Drama","R",104,70,70,0
"Never Rarely Sometimes Always","2020","Drama","NR",101,99,20,79
"New In Town","2009","Comedy","PG",96,28,37,-9
"New Year's Eve","2011","Comedy","PG-13",117,7,45,-38
"New York Minute","2004","Action & Adventure","PG",91,11,47,-36
"Nicholas Nickleby","2002","Drama","PG",138,78,75,3
"Nick and Norah's Infinite Playlist","2008","Comedy","PG-13",89,75,65,10
"Night School","2018","Comedy","PG-13",111,26,38,-12
"Night at the Museum","2006","Action & Adventure","PG",108,43,67,-24
"Night at the Museum 2: Battle of the Smithsonian","2009","Action & Adventure","PG",105,45,47,-2
"Night at the Museum: Secret of the Tomb","2014","Action & Adventure","PG",97,47,57,-10
"Nightcrawler","2014","Drama","R",117,95,85,10
"Nights in Rodanthe","2008","Drama","PG-13",96,31,52,-21
"Nim's Island","2008","Action & Adventure","PG",94,51,46,5
"Nine","2009","Drama","PG-13",118,39,37,2
"Ninja Assassin","2009","Action & Adventure","R",99,26,54,-28
"No Country for Old Men","2007","Action & Adventure","R",122,93,86,7
"No Reservations","2007","Comedy","PG",104,42,62,-20
"No Strings Attached","2011","Comedy","R",108,49,51,-2
"Nocturnal Animals","2016","Drama","R",116,74,73,1
"Non-Stop","2014","Action & Adventure","PG-13",107,62,63,-1
"Norbit","2007","Comedy","PG-13",102,9,53,-44
"Norman (Norman: The Moderate Rise and Tragic Fall of a New York Fixer)","2017","Drama","R",118,88,57,31
"North Country","2005","Drama","R",126,69,76,-7
"Northfork","2003","Drama","PG-13",103,56,66,-10
"Notes on a Scandal","2006","Drama","R",98,87,83,4
"Notorious","2009","Drama","R",122,52,65,-13
"Novitiate","2017","Drama","R",123,86,69,17
"Novocaine","2001","Comedy","R",94,38,38,0
"Nowhere Boy","2010","Drama","R",97,80,74,6
"Nurse Betty","2000","Comedy","R",108,83,45,38
"O","2001","Drama","R",95,64,58,6
"O Brother, Where Art Thou?","2000","Comedy","PG-13",106,77,89,-12
"Oblivion","2013","Action & Adventure","PG-13",125,53,61,-8
"Observe and Report","2009","Comedy","R",86,51,37,14
"Obvious Child","2014","Comedy","R",83,90,72,18
"Ocean's 8","2018","Action & Adventure","PG-13",110,69,45,24
"Ocean's Eleven","2001","Action & Adventure","PG-13",116,82,80,2
"Ocean's Thirteen","2007","Action & Adventure","PG-13",122,70,75,-5
"Ocean's Twelve","2004","Action & Adventure","PG-13",125,55,60,-5
"Oculus","2014","Drama","R",105,74,53,21
"Office Christmas Party","2016","Comedy","R",105,41,40,1
"Official Secrets","2019","Drama","R",112,82,89,-7
"Okja","2017","Action & Adventure","NR",118,86,81,5
"Old Dogs","2009","Comedy","PG",88,5,44,-39
"Old School","2003","Comedy","R",90,60,86,-26
"Oldboy","2005","Drama","R",118,82,94,-12
"Oliver Twist","2005","Drama","PG-13",130,61,63,-2
"Olympus Has Fallen","2013","Action & Adventure","R",120,49,66,-17
"On Chesil Beach","2018","Drama","R",110,68,62,6
"On the Basis of Sex","2019","Drama","PG-13",120,73,76,-3
"On the Road","2012","Action & Adventure","R",139,44,34,10
"Once","2007","Drama","R",86,97,91,6
"Once Upon a Time In Hollywood","2019","Comedy","R",159,85,70,15
"Once upon a Time in Mexico","2003","Action & Adventure","R",101,66,64,2
"Ondine","2010","Drama","PG-13",110,68,60,8
"One Day","2011","Comedy","PG-13",108,36,49,-13
"One Hour Photo","2002","Drama","R",95,82,65,17
"Ong-Bak (Ong Bak: Muay Thai Warrior)","2005","Action & Adventure","R",107,85,84,1
"Only God Forgives","2013","Action & Adventure","R",90,41,37,4
"Only Lovers Left Alive","2014","Drama","R",122,85,75,10
"Only the Brave","2017","Action & Adventure","PG-13",134,87,91,-4
"Onward","2020","Action & Adventure","PG",103,88,95,-7
"Open Range","2003","Action & Adventure","R",138,79,84,-5
"Open Season","2006","Action & Adventure","PG",87,48,57,-9
"Operation Finale","2018","Drama","PG-13",122,60,64,-4
"Ophelia","2019","Drama","PG-13",114,60,60,0
"Orange County","2002","Comedy","PG-13",81,46,61,-15
"Orphan","2009","Drama","R",123,56,63,-7
"Osmosis Jones","2001","Comedy","PG",98,55,41,14
"Ouija: Origin of Evil","2016","Horror","PG-13",99,82,57,25
"Our Brand is Crisis","2015","Comedy","R",108,36,34,2
"Our Idiot Brother","2011","Comedy","R",96,70,51,19
"Our Kind of Traitor","2016","Drama","R",108,72,50,22
"Our Little Sister (Umimachi Diary)","2016","Drama","PG",126,94,83,11
"Out of Time","2003","Action & Adventure","PG-13",105,64,58,6
"Out of the Furnace","2013","Drama","R",116,54,52,2
"Outlaw King","2018","Action & Adventure","R",137,61,67,-6
"Over Her Dead Body","2008","Comedy","PG-13",95,15,42,-27
"Over the Hedge","2006","Animation","PG",83,75,71,4
"Oz the Great and Powerful","2013","Action & Adventure","PG",130,57,56,1
"P.S. I Love You","2007","Comedy","PG-13",126,25,80,-55
"POM Wonderful Presents: The Greatest Movie Ever Sold","2011","Comedy","PG-13",86,72,64,8
"Pacific Rim","2013","Action & Adventure","PG-13",131,72,77,-5
"Pacific Rim Uprising","2018","Action & Adventure","PG-13",111,43,38,5
"Paddington","2015","Comedy","PG",95,98,80,18
"Paddington 2","2018","Animation","PG",103,100,88,12
"Page One: Inside the New York Times","2011","Documentary","R",88,78,75,3
"Pain & Gain","2013","Action & Adventure","R",129,50,47,3
"Pain and Glory (Dolor y gloria)","2019","Drama","R",113,97,91,6
"Palindromes","2004","Comedy","NR",100,43,69,-26
"Palo Alto","2014","Drama","R",97,69,49,20
"Pan","2015","Action & Adventure","PG",111,27,40,-13
"Pan's Labyrinth","2006","Drama","R",120,95,91,4
"Panic Room","2002","Drama","R",112,75,63,12
"Paper Heart","2009","Comedy","PG-13",88,60,45,15
"Paper Towns","2015","Drama","PG-13",109,58,47,11
"ParaNorman","2012","Action & Adventure","PG",96,89,72,17
"Paranoia","2013","Drama","PG-13",106,7,35,-28
"Paranormal Activity","2009","Horror","R",86,83,57,26
"Paranormal Activity 2","2010","Horror","R",91,58,48,10
"Paranormal Activity 3","2011","Horror","R",81,66,51,15
"Paranormal Activity 4","2012","Horror","R",87,23,34,-11
"Paris Can Wait (Bonjour Anne)","2017","Comedy","PG",92,47,39,8
"Parkland","2013","Drama","PG-13",94,50,47,3
"Paterson","2016","Comedy","R",118,96,72,24
"Patriots Day","2017","Drama","R",130,80,86,-6
"Paul Blart: Mall Cop","2009","Comedy","PG",91,34,43,-9
"Pawn Sacrifice","2015","Drama","PG-13",114,72,66,6
"Pay It Forward","2000","Drama","PG-13",122,39,77,-38
"Paycheck","2003","Action & Adventure","PG-13",119,27,45,-18
"Pearl Harbor","2001","Action & Adventure","PG-13",183,24,66,-42
"Penelope","2006","Comedy","PG-13",90,54,73,-19
"Penguins Of Madagascar","2014","Animation","PG",92,73,63,10
"People Like Us","2012","Comedy","PG-13",115,53,62,-9
"Peppermint","2018","Action & Adventure","R",102,12,71,-59
"Percy Jackson & the Olympians: The Lightning Thief","2010","Action & Adventure","PG",119,49,53,-4
"Percy Jackson: Sea of Monsters","2013","Action & Adventure","PG",106,42,55,-13
"Perfect Stranger","2007","Drama","R",109,10,51,-41
"Perfume: The Story of a Murderer","2006","Drama","R",145,59,74,-15
"Persepolis","2007","Animation","PG-13",95,96,92,4
"Personal Velocity: Three Portraits","2002","Documentary","R",85,69,62,7
"Peter Rabbit","2018","Action & Adventure","PG",95,63,56,7
"Phantom Thread","2018","Drama","R",130,91,71,20
"Philomena","2013","Drama","PG-13",97,90,89,1
"Pieces of April","2003","Comedy","PG-13",81,84,73,11
"Pina","2011","Documentary","PG",104,95,81,14
"Pineapple Express","2008","Comedy","R",112,68,73,-5
"Pink Panther 2","2009","Action & Adventure","PG",92,13,42,-29
"Piranha 3-D","2010","Comedy","R",88,74,43,31
"Pirate Radio (The Boat That Rocked)","2009","Comedy","R",129,61,71,-10
"Pirates of the Caribbean: At Worlds End","2007","Action & Adventure","PG-13",168,44,72,-28
"Pirates of the Caribbean: Dead Man's Chest","2006","Action & Adventure","PG-13",151,53,72,-19
"Pirates of the Caribbean: Dead Men Tell No Tales","2017","Action & Adventure","PG-13",123,29,61,-32
"Pirates of the Caribbean: On Stranger Tides","2011","Action & Adventure","PG-13",136,33,54,-21
"Pirates of the Caribbean: The Curse of the Black Pearl","2003","Action & Adventure","PG-13",143,79,86,-7
"Pitch Black","2000","Horror","R",108,59,77,-18
"Pitch Perfect","2012","Comedy","PG-13",112,80,83,-3
"Pitch Perfect 2","2015","Comedy","PG-13",115,65,64,1
"Pitch Perfect 3","2017","Comedy","PG-13",94,28,44,-16
"Pixels","2015","Animation","PG-13",106,17,46,-29
"Planes","2013","Animation","PG",92,25,49,-24
"Planet 51","2009","Action & Adventure","PG",91,23,40,-17
"Please Give","2010","Comedy","R",90,87,64,23
"Pokémon Detective Pikachu","2019","Action & Adventure","PG",104,68,79,-11
"Pollock","2000","Drama","R",118,81,74,7
"Pompeii","2014","Action & Adventure","PG-13",105,28,34,-6
"Ponyo","2009","Action & Adventure","G",100,92,83,9
"Popstar: Never Stop Never Stopping","2016","Comedy","R",86,79,65,14
"Portrait of a Lady on Fire (Portrait de la jeune fille en feu)","2020","Drama","R",121,98,92,6
"Poseidon","2006","Action & Adventure","PG-13",98,33,43,-10
"Possession","2002","Drama","PG-13",102,64,58,6
"Precious: Based on the Novel Push by Sapphire","2009","Drama","R",109,92,81,11
"Predators","2010","Action & Adventure","R",107,64,52,12
"Premium Rush","2012","Action & Adventure","PG-13",91,74,60,14
"Premonition","2007","Drama","PG-13",96,8,50,-42
"Pride","2007","Drama","PG",104,46,72,-26
"Pride and Glory","2008","Drama","R",129,35,49,-14
"Pride and Prejudice and Zombies","2016","Comedy","PG-13",108,45,45,0
"Prime","2005","Comedy","PG-13",105,50,52,-2
"Primer","2004","Drama","PG-13",78,73,79,-6
"Prince Avalanche","2013","Comedy","R",93,82,53,29
"Prince of Persia: The Sands of Time","2010","Action & Adventure","PG-13",116,37,58,-21
"Prisoners","2013","Drama","R",153,81,87,-6
"Private Life","2018","Drama","R",124,94,78,16
"Professor Marston & The Wonder Women","2017","Drama","R",108,87,77,10
"Prometheus","2012","Action & Adventure","R",123,73,68,5
"Promised Land","2013","Drama","R",106,53,46,7
"Proof","2005","Drama","PG-13",100,62,59,3
"Proof of Life","2000","Action & Adventure","R",135,39,43,-4
"Public Enemies","2009","Action & Adventure","R",140,68,59,9
"Punch-Drunk Love","2002","Comedy","R",95,79,77,2
"Punisher: War Zone","2008","Action & Adventure","R",107,29,42,-13
"Puss in Boots","2011","Action & Adventure","PG",90,86,67,19
"Quantum of Solace","2008","Action & Adventure","PG-13",105,65,58,7
"Queen & Slim","2019","Drama","R",132,82,92,-10
"Queen of the Damned","2002","Horror","R",101,17,66,-49
"Quills","2000","Drama","R",123,75,83,-8
"R.I.P.D.","2013","Action & Adventure","PG-13",98,13,38,-25
"RV","2006","Action & Adventure","PG",98,23,45,-22
"Rabbit Hole","2010","Drama","PG-13",91,87,72,15
"Rabbit-Proof Fence","2002","Action & Adventure","PG",94,87,86,1
"Race","2016","Drama","PG-13",134,62,77,-15
"Race to Witch Mountain","2009","Action & Adventure","PG",99,43,44,-1
"Rachel Getting Married","2008","Drama","R",111,84,62,22
"Radio","2003","Drama","PG",109,35,79,-44
"Raising Helen","2004","Comedy","PG-13",119,25,61,-36
"Ralph Breaks the Internet","2018","Animation","PG",112,88,65,23
"Rambo (Rambo IV)","2008","Action & Adventure","R",91,38,69,-31
"Rambo: Last Blood","2019","Action & Adventure","R",89,26,82,-56
"Rampage","2018","Action & Adventure","PG-13",107,51,71,-20
"Rango","2011","Action & Adventure","PG",105,88,69,19
"Rare Exports: A Christmas Tale","2010","Action & Adventure","R",77,90,70,20
"Rat Race","2001","Comedy","PG-13",112,44,64,-20
"Ratatouille","2007","Animation","G",111,96,87,9
"Raw","2017","Horror","R",98,92,76,16
"Ray","2004","Drama","PG-13",153,80,87,-7
"Ready Player One","2018","Action & Adventure","PG-13",140,72,77,-5
"Ready or Not","2019","Horror","R",95,88,78,10
"Real Steel","2011","Action & Adventure","PG-13",127,60,73,-13
"Red 2","2013","Action & Adventure","PG-13",116,44,63,-19
"Red Army","2015","Documentary","PG",85,92,85,7
"Red Dragon","2002","Drama","R",119,68,74,-6
"Red Eye","2005","Action & Adventure","PG-13",85,79,64,15
"Red Joan","2019","Drama","R",110,30,55,-25
"Red Riding Hood","2011","Horror","PG-13",99,10,39,-29
"Red Sparrow","2018","Action & Adventure","R",139,45,49,-4
"Red Tails","2012","Drama","PG-13",125,40,58,-18
"Redacted","2007","Documentary","R",91,45,45,0
"Redbelt","2008","Action & Adventure","R",99,68,65,3
"Reign Over Me","2007","Drama","R",124,64,81,-17
"Reign of Fire","2002","Action & Adventure","PG-13",101,42,49,-7
"Relic","2020","Drama","R",89,91,49,42
"Religulous","2008","Comedy","R",101,69,78,-9
"Remember Me","2010","Drama","PG-13",113,27,69,-42
"Remember the Titans","2000","Drama","PG",113,73,93,-20
"Rendition","2007","Drama","R",122,47,62,-15
"Rent","2005","Comedy","PG-13",135,46,83,-37
"Repo Men","2010","Action & Adventure","R",111,22,41,-19
"Requiem for a Dream","2000","Drama","R",101,79,93,-14
"Rescue Dawn","2007","Action & Adventure","PG-13",125,90,75,15
"Reservation Road","2007","Drama","R",102,38,52,-14
"Resident Evil","2002","Action & Adventure","R",100,36,67,-31
"Resident Evil: Afterlife","2010","Action & Adventure","R",97,22,48,-26
"Resident Evil: Apocalypse","2004","Horror","R",93,20,60,-40
"Restless","2011","Drama","PG-13",93,38,48,-10
"Restrepo","2010","Documentary","R",93,96,88,8
"Resurrecting the Champ","2007","Drama","PG-13",112,60,60,0
"Revolutionary Road","2008","Drama","R",119,67,71,-4
"Richard Jewell","2019","Drama","R",131,77,96,-19
"Ricki And The Flash","2015","Comedy","PG-13",100,65,43,22
"Riddick","2013","Action & Adventure","R",118,57,56,1
"Ride Along","2014","Action & Adventure","PG-13",99,18,58,-40
"Ride Along 2","2016","Action & Adventure","PG-13",101,13,48,-35
"Riding in Cars With Boys","2001","Comedy","PG-13",132,49,66,-17
"Righteous Kill","2008","Drama","R",100,18,37,-19
"Rings","2017","Drama","PG-13",97,8,23,-15
"Rio","2011","Action & Adventure","G",96,72,71,1
"Rio 2","2014","Animation","G",101,48,58,-10
"Rise of the Guardians","2012","Action & Adventure","PG",97,75,80,-5
"Rise of the Planet of the Apes","2011","Action & Adventure","PG-13",105,82,77,5
"Risen","2016","Action & Adventure","PG-13",108,53,70,-17
"Road to Perdition","2002","Drama","R",116,81,86,-5
"Robot & Frank","2012","Comedy","PG-13",90,86,75,11
"Robots","2005","Animation","PG",90,64,53,11
"Rock Star","2001","Comedy","R",106,53,59,-6
"Rock of Ages","2012","Drama","PG-13",118,43,55,-12
"Rock the Kasbah","2015","Drama","R",106,7,28,-21
"Rocketman","2019","Drama","R",121,89,88,1
"RocknRolla","2008","Action & Adventure","R",114,60,71,-11
"Rocky Balboa","2006","Drama","PG",102,77,76,1
"Roger Dodger","2002","Comedy","R",104,88,76,12
"Rogue One: A Star Wars Story","2016","Action & Adventure","PG-13",134,84,86,-2
"Role Models","2008","Comedy","R",99,77,74,3
"Roma","2018","Drama","R",135,96,72,24
"Roman J. Israel, Esq.","2017","Drama","PG-13",117,54,53,1
"Room","2015","Drama","R",118,93,93,0
"Room 237","2013","Documentary","NR",102,94,55,39
"Rosewater","2014","Drama","R",103,76,68,8
"Rough Night","2017","Comedy","R",96,44,29,15
"Ruby Sparks","2012","Comedy","R",104,79,75,4
"Rudo y Cursi","2009","Comedy","R",103,73,66,7
"Rules Don't Apply","2016","Comedy","PG-13",121,54,33,21
"Rumor Has It","2005","Comedy","PG-13",97,19,41,-22
"Run Fatboy Run","2007","Comedy","PG-13",100,47,64,-17
"Runaway Jury","2003","Drama","PG-13",127,73,75,-2
"Runner Runner","2013","Drama","R",91,8,33,-25
"Running Scared","2006","Action & Adventure","R",121,41,79,-38
"Running With Scissors","2006","Comedy","R",120,31,56,-25
"Rush Hour 2","2001","Action & Adventure","PG-13",90,52,74,-22
"Rush Hour 3","2007","Action & Adventure","PG-13",91,18,63,-45
"S.W.A.T.","2003","Action & Adventure","PG-13",116,48,52,-4
"Saban's Power Rangers","2017","Action & Adventure","PG-13",124,49,65,-16
"Safe Haven","2013","Drama","PG-13",115,13,67,-54
"Safe House","2012","Action & Adventure","R",115,53,63,-10
"Safety Not Guaranteed","2012","Comedy","R",84,91,80,11
"Salmon Fishing in the Yemen","2012","Comedy","PG-13",111,67,64,3
"Salt","2010","Action & Adventure","PG-13",100,62,59,3
"San Andreas","2015","Action & Adventure","PG-13",114,50,52,-2
"Sanctum","2011","Action & Adventure","R",109,29,37,-8
"Sarah Silverman: Jesus Is Magic","2005","Comedy","R",72,65,65,0
"Sausage Party","2016","Animation","R",89,82,50,32
"Savages","2012","Drama","R",130,50,54,-4
"Saved!","2004","Comedy","PG-13",92,61,78,-17
"Saving Mr. Banks","2013","Comedy","PG-13",125,79,84,-5
"Saving Silverman","2001","Comedy","PG-13",90,19,51,-32
"Saw","2004","Horror","R",103,49,84,-35
"Saw II","2005","Horror","R",93,37,59,-22
"Say It Isn't So","2001","Comedy","R",95,9,32,-23
"Scary Movie","2000","Comedy","R",88,53,43,10
"Scary Movie 2","2001","Comedy","R",82,15,52,-37
"Scary Movie 3","2003","Comedy","PG-13",80,35,54,-19
"Scary Movie 4","2006","Comedy","PG-13",83,35,51,-16
"Scary Stories to Tell in the Dark","2019","Horror","NR",111,78,72,6
"School of Rock","2003","Comedy","PG-13",108,91,64,27
"Scoob!","2020","Action & Adventure","PG",94,48,55,-7
"Scooby-Doo","2002","Comedy","PG",86,30,38,-8
"Scooby-Doo 2: Monsters Unleashed","2004","Action & Adventure","PG",93,22,39,-17
"Scoop","2006","Comedy","PG-13",96,41,55,-14
"Scott Pilgrim vs. the World","2010","Action & Adventure","PG-13",112,82,84,-2
"Scream 3","2000","Horror","R",116,39,37,2
"Scream 4","2011","Horror","R",112,60,55,5
"Sea Fever","2020","Horror","NR",90,86,47,39
"Seabiscuit","2003","Drama","PG-13",140,78,76,2
"Searching for Sugar Man","2012","Documentary","PG-13",86,95,92,3
"Season of the Witch","2011","Action & Adventure","PG-13",95,11,30,-19
"Second Act","2018","Comedy","PG-13",104,44,43,1
"Secondhand Lions","2003","Comedy","PG",109,60,84,-24
"Secret Window","2004","Drama","PG-13",95,46,65,-19
"Secret in Their Eyes","2015","Drama","PG-13",111,39,41,-2
"Secretariat","2010","Drama","PG",123,63,76,-13
"Seeking a Friend for the End of the World","2012","Comedy","R",101,55,53,2
"Self/Less","2015","Drama","PG-13",116,19,46,-27
"Selma","2014","Drama","PG-13",128,99,86,13
"Semi-Pro","2008","Comedy","R",91,22,38,-16
"Senna","2011","Documentary","PG-13",104,93,95,-2
"Serena","2015","Drama","R",109,16,23,-7
"Serendipity","2001","Comedy","PG-13",90,58,79,-21
"Serenity","2005","Action & Adventure","PG-13",119,82,91,-9
"Serving Sara","2002","Comedy","PG-13",99,4,26,-22
"Seven Pounds","2008","Drama","PG-13",124,26,75,-49
"Seven Psychopaths","2012","Comedy","R",111,83,71,12
"Seventh Son","2015","Drama","PG-13",102,12,34,-22
"Sex Drive","2008","Comedy","R",108,45,58,-13
"Sex Tape","2014","Comedy","R",94,16,33,-17
"Sex and the City","2008","Comedy","R",145,50,77,-27
"Sex and the City 2","2010","Comedy","R",147,16,43,-27
"Sexy Beast","2000","Comedy","R",88,87,85,2
"Shadow of the Vampire","2000","Drama","R",93,82,74,8
"Shallow Hal","2001","Comedy","PG-13",114,50,45,5
"Shame","2011","Drama","NC17",99,79,75,4
"Shanghai Knights","2003","Action & Adventure","PG-13",114,66,54,12
"Shanghai Noon","2000","Action & Adventure","PG-13",110,79,65,14
"Shark Tale","2004","Action & Adventure","PG",90,36,49,-13
"Shattered Glass","2003","Drama","PG-13",95,92,79,13
"Shaun of the Dead","2004","Action & Adventure","R",97,91,93,-2
"Shaun the Sheep Movie","2015","Animation","PG",85,99,81,18
"Shazam!","2019","Action & Adventure","PG-13",132,90,82,8
"She Dies Tomorrow","2020","Comedy","R",84,84,23,61
"She Hate Me","2004","Comedy","R",138,19,60,-41
"She's Out of My League","2010","Comedy","R",106,58,59,-1
"She's the Man","2006","Comedy","PG-13",105,43,79,-36
"Sherlock Holmes","2009","Action & Adventure","PG-13",128,69,77,-8
"Sherlock Holmes: A Game of Shadows","2011","Action & Adventure","PG-13",129,59,77,-18
"Shine a Light","2008","Documentary","PG-13",122,86,74,12
"Shirley","2020","Drama","R",107,88,56,32
"Shoot 'Em Up","2007","Action & Adventure","R",87,67,65,2
"Shooter","2007","Action & Adventure","R",126,47,80,-33
"Shopgirl","2005","Comedy","R",116,60,58,2
"Short Term 12","2013","Drama","R",96,98,92,6
"Shorts: The Adventures of the Wishing Rock","2009","Action & Adventure","PG",89,46,32,14
"Showtime","2002","Comedy","PG-13",95,25,25,0
"Shrek","2001","Animation","PG",89,88,90,-2
"Shrek 2","2004","Animation","PG",92,89,69,20
"Shrek Forever After","2010","Action & Adventure","PG",95,58,54,4
"Shrek the Third","2007","Animation","PG",93,41,52,-11
"Shutter Island","2010","Action & Adventure","R",138,68,76,-8
"Sicario","2015","Action & Adventure","R",121,92,85,7
"Sicario: Day of the Soldado","2018","Action & Adventure","R",122,62,65,-3
"Sicko","2007","Documentary","PG-13",113,92,87,5
"Sideways","2004","Comedy","R",126,97,79,18
"Sightseers","2013","Comedy","NR",88,85,62,23
"Silence","2017","Drama","R",161,83,69,14
"Silent Hill","2006","Action & Adventure","R",119,31,63,-32
"Silent House","2012","Horror","R",88,43,30,13
"Silver City","2004","Comedy","R",128,48,32,16
"Silver Linings Playbook","2012","Comedy","R",122,92,86,6
"Simone","2002","Comedy","PG-13",117,50,35,15
"Sin City","2005","Action & Adventure","R",124,77,78,-1
"Sin Nombre","2009","Drama","R",96,88,89,-1
"Sinbad: Legend of the Seven Seas","2003","Action & Adventure","PG",86,45,56,-11
"Sing","2016","Animation","PG",108,72,72,0
"Sinister","2012","Horror","R",109,63,61,2
"Sky Captain and the World of Tomorrow","2004","Action & Adventure","PG",107,70,46,24
"Sky High","2005","Action & Adventure","PG",100,73,57,16
"Skyfall","2012","Action & Adventure","PG-13",143,92,86,6
"Skyscraper","2018","Action & Adventure","PG-13",102,48,62,-14
"Slackers","2002","Comedy","R",86,10,51,-41
"Sleeping with Other People","2015","Comedy","R",100,63,57,6
"Sleepover","2004","Comedy","PG",89,15,54,-39
"Sleepwalk With Me","2012","Comedy","PG-13",90,84,71,13
"Slither","2006","Comedy","R",96,86,63,23
"Slow West","2015","Action & Adventure","R",91,92,74,18
"Slumdog Millionaire","2008","Drama","R",116,91,90,1
"Smallfoot","2018","Action & Adventure","PG",96,75,62,13
"Smart People","2008","Comedy","R",94,49,39,10
"Smashed","2012","Comedy","R",81,83,68,15
"Smokin' Aces","2007","Action & Adventure","R",109,30,62,-32
"Snakes on a Plane","2006","Action & Adventure","R",105,69,49,20
"Snatch","2001","Action & Adventure","R",98,73,93,-20
"Snatched","2017","Action & Adventure","R",90,36,29,7
"Snitch","2013","Action & Adventure","PG-13",112,57,61,-4
"Snow Angels","2007","Drama","R",106,68,67,1
"Snow White and the Huntsman","2012","Action & Adventure","PG-13",127,49,52,-3
"Snowden","2016","Drama","R",134,61,70,-9
"Solaris","2002","Drama","PG-13",99,66,59,7
"Solo: A Star Wars Story","2018","Action & Adventure","PG-13",135,70,64,6
"Someone Like You","2001","Comedy","PG-13",97,42,56,-14
"Something Borrowed","2011","Comedy","PG-13",112,15,48,-33
"Something New","2006","Comedy","PG-13",100,61,72,-11
"Something's Gotta Give","2003","Comedy","PG-13",125,72,69,3
"Somewhere","2010","Comedy","R",98,71,48,23
"Son of Rambow","2007","Comedy","PG-13",95,73,79,-6
"Son of Saul","2015","Drama","R",107,96,79,17
"Son of the Mask","2005","Comedy","PG",95,6,16,-10
"Song to Song","2017","Comedy","R",129,44,36,8
"Sonic the Hedgehog","2020","Action & Adventure","PG",100,63,93,-30
"Sorry to Bother You","2018","Comedy","R",105,93,70,23
"Soul Plane","2004","Comedy","R",86,18,51,-33
"Soul Surfer","2011","Action & Adventure","PG",106,45,75,-30
"Sound of My Voice","2012","Drama","R",84,75,66,9
"Source Code","2011","Action & Adventure","PG-13",89,92,82,10
"Southland Tales","2007","Comedy","R",144,39,41,-2
"Southpaw","2015","Drama","R",123,59,75,-16
"Southside With You","2016","Drama","PG-13",81,92,71,21
"Space Cowboys","2000","Action & Adventure","PG-13",129,78,53,25
"Spaceship Earth","2020","Documentary","NR",114,87,62,25
"Spanglish","2004","Comedy","PG-13",130,53,60,-7
"Spartan","2004","Action & Adventure","R",107,65,62,3
"Spectre","2015","Action & Adventure","PG-13",148,63,61,2
"Speed Racer","2008","Action & Adventure","PG",135,40,60,-20
"Spellbound","2002","Documentary","G",97,97,83,14
"Spider-Man","2002","Action & Adventure","PG-13",116,90,67,23
"Spider-Man 2","2004","Action & Adventure","PG-13",122,93,82,11
"Spider-Man 3","2007","Action & Adventure","PG-13",133,62,51,11
"Spider-Man: Far From Home","2019","Action & Adventure","PG-13",129,90,95,-5
"Spider-Man: Homecoming","2017","Action & Adventure","PG-13",133,92,87,5
"Spider-Man: Into the Spider-Verse","2018","Action & Adventure","PG",117,97,93,4
"Spies in Disguise","2019","Action & Adventure","PG",102,76,92,-16
"Spirit - Stallion of the Cimarron","2002","Animation","G",83,70,77,-7
"Spirited Away","2002","Animation","PG",125,97,96,1
"Splice","2010","Horror","R",107,75,37,38
"Split","2017","Drama","PG-13",117,77,79,-2
"Spotlight","2015","Drama","R",128,97,93,4
"Spring Breakers","2013","Action & Adventure","R",94,67,38,29
"Sputnik","2020","Horror","NR",107,89,71,18
"Spy","2015","Comedy","R",115,95,78,17
"Spy Game","2001","Action & Adventure","R",127,66,75,-9
"Spy Kids","2001","Action & Adventure","PG",88,93,46,47
"Spy Kids 2: The Island of Lost Dreams","2002","Action & Adventure","PG",99,75,39,36
"Spy Kids 3-D - Game Over","2003","Action & Adventure","PG",89,45,25,20
"St. Vincent","2014","Comedy","PG-13",103,77,78,-1
"Stage Beauty","2004","Comedy","R",110,64,78,-14
"Stand Up Guys","2013","Comedy","R",95,36,46,-10
"Standard Operating Procedure","2008","Documentary","R",116,79,78,1
"Star Trek","2009","Action & Adventure","PG-13",126,94,91,3
"Star Trek - Nemesis","2002","Action & Adventure","PG-13",117,38,49,-11
"Star Trek Beyond","2016","Action & Adventure","PG-13",122,86,80,6
"Star Wars: Episode III - Revenge of the Sith","2005","Action & Adventure","PG-13",140,80,66,14
"Star Wars: Episode VII - The Force Awakens","2015","Action & Adventure","PG-13",136,92,86,6
"Star Wars: The Clone Wars","2008","Action & Adventure","PG",98,18,39,-21
"Star Wars: The Last Jedi","2017","Action & Adventure","PG-13",152,90,43,47
"Star Wars: The Rise of Skywalker","2019","Action & Adventure","PG-13",142,51,86,-35
"Stardust","2007","Action & Adventure","PG-13",128,76,86,-10
"Starred Up","2014","Drama","NR",100,99,84,15
"Starsky & Hutch","2004","Action & Adventure","PG-13",101,62,49,13
"State and Main","2000","Comedy","R",106,86,70,16
"State of Play","2009","Drama","PG-13",127,84,73,11
"Stay","2005","Drama","R",98,27,70,-43
"Stealing Harvard","2002","Comedy","PG-13",80,9,39,-30
"Stealth","2005","Action & Adventure","PG-13",120,12,40,-28
"Step Brothers","2008","Comedy","R",95,55,69,-14
"Step Up","2006","Drama","PG-13",98,21,83,-62
"Step Up 3","2010","Drama","PG-13",106,47,64,-17
"Steve Jobs","2015","Drama","R",121,85,73,12
"Still Alice","2015","Drama","PG-13",97,85,85,0
"Stoker","2013","Drama","R",98,70,60,10
"Stone","2010","Drama","R",105,50,21,29
"Stop-Loss","2008","Drama","R",113,64,26,38
"Stories We Tell","2013","Documentary","PG-13",108,94,79,15
"Storks","2016","Animation","PG",83,66,62,4
"Straight Outta Compton","2015","Drama","R",147,89,85,4
"Stranger Than Fiction","2006","Comedy","PG-13",105,73,85,-12
"Street Kings","2008","Action & Adventure","R",107,36,58,-22
"Stronger","2017","Drama","R",119,90,80,10
"Stuart Little 2","2002","Action & Adventure","PG",78,81,41,40
"Stuber","2019","Action & Adventure","R",93,41,79,-38
"Stuck on You","2003","Comedy","PG-13",118,61,35,26
"Submarine","2011","Comedy","R",97,88,82,6
"Suburbicon","2017","Comedy","R",105,28,25,3
"Sucker Punch","2011","Action & Adventure","PG-13",110,22,47,-25
"Sugar","2008","Drama","R",118,92,80,12
"Suicide Squad","2016","Action & Adventure","PG-13",123,26,59,-33
"Sully","2016","Action & Adventure","PG-13",96,85,84,1
"Summerland","2020","Drama","PG",99,77,73,4
"Sunshine Cleaning","2009","Comedy","R",102,74,63,11
"Sunshine State","2002","Drama","PG-13",141,80,58,22
"Super 8","2011","Action & Adventure","PG-13",112,81,75,6
"Super Size Me","2004","Documentary","PG-13",98,92,72,20
"Superbad","2007","Comedy","R",113,88,87,1
"Superman Returns","2006","Action & Adventure","PG-13",154,75,61,14
"Surf's Up","2007","Action & Adventure","PG",85,79,70,9
"Surrogates","2009","Action & Adventure","PG-13",88,37,38,-1
"Surviving Christmas","2004","Comedy","PG-13",90,7,29,-22
"Suspect Zero","2004","Drama","R",99,18,38,-20
"Suspiria","2018","Horror","R",152,65,65,0
"Swallow","2020","Drama","R",95,88,71,17
"Sweeney Todd: The Demon Barber of Fleet Street","2007","Drama","R",117,86,81,5
"Sweet Home Alabama","2002","Comedy","PG-13",108,38,78,-40
"Swing Vote","2008","Comedy","PG-13",119,39,41,-2
"Swiss Army Man","2016","Drama","R",95,71,72,-1
"Swordfish","2001","Action & Adventure","R",99,25,59,-34
"Synecdoche, New York","2008","Drama","R",124,69,71,-2
"Syriana","2005","Drama","R",128,73,67,6
"T2 Trainspotting","2017","Drama","R",117,81,78,3
"TMNT","2007","Action & Adventure","PG",87,35,60,-25
"Table 19","2017","Comedy","PG-13",87,26,40,-14
"Tabloid","2011","Documentary","R",88,92,72,20
"Tag","2018","Comedy","R",100,56,56,0
"Take Me Home Tonight","2011","Comedy","R",89,28,42,-14
"Take Shelter","2011","Drama","R",124,92,81,11
"Take This Waltz","2012","Comedy","R",116,79,58,21
"Take the Lead","2006","Drama","PG-13",117,44,77,-33
"Taken","2009","Action & Adventure","PG-13",91,58,85,-27
"Taken 3","2015","Action & Adventure","PG-13",109,13,44,-31
"Takers","2010","Action & Adventure","PG-13",107,28,62,-34
"Taking Lives","2004","Action & Adventure","R",103,22,55,-33
"Taking Woodstock","2009","Comedy","R",120,48,47,1
"Tale of Tales (Il racconto dei racconti)","2016","Horror","R",125,83,57,26
"Talk to Me","2007","Action & Adventure","R",118,82,77,5
"Talladega Nights: The Ballad of Ricky Bobby","2006","Action & Adventure","PG-13",110,71,73,-2
"Tammy","2014","Comedy","R",97,24,36,-12
"Tangerine","2015","Comedy","R",87,96,76,20
"Tangled","2010","Animation","PG",101,89,87,2
"Taxi","2004","Action & Adventure","PG-13",97,9,43,-34
"Team America: World Police","2004","Comedy","R",98,77,80,-3
"Tears of the Sun","2003","Action & Adventure","R",115,33,69,-36
"Ted","2012","Comedy","R",106,69,73,-4
"Ted 2","2015","Comedy","R",115,45,50,-5
"Teen Spirit","2019","Drama","PG-13",92,71,58,13
"Teen Titans Go! To the Movies","2018","Action & Adventure","PG",87,91,72,19
"Teenage Mutant Ninja Turtles","2014","Action & Adventure","PG-13",101,21,50,-29
"Teenage Mutant Ninja Turtles: Out of the Shadows","2016","Action & Adventure","PG-13",107,37,47,-10
"Tell No One (Ne le Dis à Personne)","2006","Drama","NR",126,94,87,7
"Tenacious D in The Pick of Destiny","2006","Comedy","R",97,52,67,-15
"Terminator 3 - Rise of the Machines","2003","Action & Adventure","R",110,69,46,23
"Terminator Genisys","2015","Action & Adventure","PG-13",126,27,53,-26
"Terminator Salvation","2009","Action & Adventure","PG-13",116,33,54,-21
"Terminator: Dark Fate","2019","Action & Adventure","NR",128,70,82,-12
"Tesla","2020","Drama","PG-13",102,60,43,17
"Testament Of Youth","2015","Drama","PG-13",129,84,78,6
"Tetro","2009","Drama","R",127,71,70,1
"Thank You for Smoking","2006","Comedy","R",92,86,87,-1
"Thank You for Your Service","2017","Drama","R",108,77,72,5
"Thanks For Sharing","2013","Comedy","R",112,51,43,8
"That Awkward Moment","2014","Comedy","R",94,22,46,-24
"That's My Boy","2012","Comedy","R",116,20,51,-31
"The 15:17 to Paris","2018","Drama","PG-13",94,23,37,-14
"The 33","2015","Drama","PG-13",125,48,59,-11
"The 40 Year Old Virgin","2005","Comedy","R",116,85,80,5
"The 5th Wave","2016","Action & Adventure","PG-13",112,15,38,-23
"The 6th Day","2000","Action & Adventure","PG-13",124,40,32,8
"The A-Team","2010","Action & Adventure","PG-13",118,48,66,-18
"The Accountant","2016","Drama","R",128,52,76,-24
"The Act Of Killing","2013","Documentary","NR",122,95,85,10
"The Adventures of Rocky & Bullwinkle","2000","Comedy","PG",88,43,20,23
"The Adventures of Sharkboy and Lavagirl in 3-D","2005","Action & Adventure","PG",92,19,33,-14
"The Adventures of Tintin","2011","Action & Adventure","PG",107,74,74,0
"The Aftermath","2019","Drama","R",109,27,50,-23
"The Age of Adaline","2015","Drama","PG-13",113,54,67,-13
"The Amazing Spider-Man","2012","Action & Adventure","PG-13",136,73,77,-4
"The Amazing Spider-Man 2","2014","Action & Adventure","PG-13",141,51,64,-13
"The American","2010","Drama","R",105,65,39,26
"The Amityville Horror","2005","Horror","R",89,23,52,-29
"The Angels' Share","2013","Comedy","NR",101,89,78,11
"The Angry Birds Movie","2016","Animation","PG",93,43,46,-3
"The Angry Birds Movie 2","2019","Action & Adventure","PG",96,73,84,-11
"The Anniversary Party","2001","Comedy","R",115,61,58,3
"The Ant Bully","2006","Animation","PG",88,62,42,20
"The Aristocrats","2005","Comedy","NR",89,79,61,18
"The Armstrong Lie","2013","Documentary","R",122,82,76,6
"The Art of Getting By","2011","Comedy","PG-13",84,19,46,-27
"The Art of Racing in the Rain","2019","Drama","PG",109,43,96,-53
"The Art of Self-Defense","2019","Comedy","R",104,84,63,21
"The Artist","2011","Comedy","PG-13",100,95,87,8
"The Assassin","2015","Action & Adventure","PG-13",105,81,48,33
"The Assassination of Jesse James by the Coward Robert Ford","2007","Action & Adventure","R",160,77,75,2
"The Astronaut Farmer","2006","Drama","PG",105,58,49,9
"The Babadook","2014","Drama","NR",93,98,72,26
"The Back-up Plan","2010","Comedy","PG-13",104,18,46,-28
"The Ballad of Buster Scruggs","2018","Drama","R",132,90,77,13
"The Ballad of Jack and Rose","2005","Drama","R",111,47,61,-14
"The Banger Sisters","2002","Comedy","R",98,48,42,6
"The Bank Job","2008","Drama","R",111,79,74,5
"The Beach","2000","Action & Adventure","R",120,20,57,-37
"The Beach Bum","2019","Comedy","R",95,56,29,27
"The Beatles: Eight Days a Week - The Touring Years","2016","Documentary","NR",106,96,89,7
"The Beaver","2011","Comedy","PG-13",91,62,55,7
"The Belko Experiment","2017","Action & Adventure","R",90,53,40,13
"The Best Exotic Marigold Hotel","2012","Comedy","PG-13",124,78,78,0
"The Big Bounce","2004","Action & Adventure","PG-13",89,16,24,-8
"The Big Short","2015","Drama","R",130,88,88,0
"The Big Sick","2017","Comedy","R",120,98,88,10
"The Big Wedding","2013","Comedy","R",90,7,40,-33
"The Big Year","2011","Comedy","PG",100,42,40,2
"The Black Dahlia","2006","Drama","R",121,32,27,5
"The Blind Side","2009","Comedy","PG-13",128,66,85,-19
"The Bling Ring","2013","Drama","R",90,59,33,26
"The Book Thief","2013","Drama","PG-13",127,47,73,-26
"The Book of Eli","2010","Action & Adventure","R",112,47,64,-17
"The Book of Henry","2017","Drama","PG-13",100,22,63,-41
"The Bookshop","2018","Drama","PG",113,57,51,6
"The Boss","2016","Comedy","R",99,21,38,-17
"The Boss Baby","2017","Animation","PG",97,53,51,2
"The Bounty Hunter","2010","Action & Adventure","PG-13",111,12,51,-39
"The Bourne Identity","2002","Action & Adventure","PG-13",113,83,93,-10
"The Bourne Legacy","2012","Action & Adventure","PG-13",135,55,58,-3
"The Bourne Supremacy","2004","Action & Adventure","PG-13",108,82,90,-8
"The Bourne Ultimatum","2007","Action & Adventure","PG-13",115,92,91,1
"The Box","2009","Horror","PG-13",113,44,24,20
"The Boxtrolls","2014","Action & Adventure","PG",96,77,63,14
"The Boy in the Striped Pajamas (The Boy in the Striped Pyjamas)","2008","Drama","PG-13",94,64,85,-21
"The Boys Are Back","2009","Drama","PG-13",104,73,61,12
"The Brave One","2007","Action & Adventure","R",122,43,64,-21
"The Breadwinner","2017","Animation","PG-13",94,95,87,8
"The Break-Up","2006","Comedy","PG-13",107,34,46,-12
"The Brink","2019","Documentary","NR",91,84,55,29
"The Brothers Bloom","2009","Action & Adventure","PG-13",109,68,64,4
"The Brothers Grimm","2005","Action & Adventure","PG-13",114,38,39,-1
"The Brothers Grimsby","2016","Comedy","R",83,37,41,-4
"The Bucket List","2007","Action & Adventure","PG-13",97,41,77,-36
"The Butterfly Effect","2004","Drama","R",113,33,81,-48
"The Cabin in the Woods","2012","Horror","R",95,92,74,18
"The Campaign","2012","Comedy","R",85,66,51,15
"The Cat's Meow","2001","Comedy","PG-13",110,75,51,24
"The Cave","2005","Action & Adventure","PG-13",97,12,28,-16
"The Cell","2000","Horror","R",107,45,57,-12
"The Change-Up","2011","Comedy","R",112,25,47,-22
"The Chronicles of Narnia: Prince Caspian","2008","Action & Adventure","PG",144,67,73,-6
"The Chronicles of Narnia: The Voyage of the Dawn Treader","2010","Action & Adventure","PG",112,50,58,-8
"The Chronicles of Riddick","2004","Action & Adventure","PG-13",119,29,65,-36
"The Clearing","2004","Action & Adventure","R",95,43,32,11
"The Comedian","2017","Comedy","R",120,24,28,-4
"The Commuter","2018","Drama","PG-13",104,56,40,16
"The Company Men","2011","Drama","R",115,67,55,12
"The Condemned","2007","Action & Adventure","R",113,15,58,-43
"The Congress","2014","Animation","NR",122,73,53,20
"The Conjuring","2013","Horror","R",111,86,83,3
"The Conjuring 2","2016","Horror","R",133,80,81,-1
"The Conspirator","2011","Drama","PG-13",121,55,61,-6
"The Constant Gardener","2005","Drama","R",128,83,82,1
"The Contender","2000","Drama","R",126,76,73,3
"The Cooler","2003","Drama","R",101,77,69,8
"The Core","2003","Action & Adventure","PG-13",136,40,34,6
"The Corporation","2004","Documentary","NR",168,90,90,0
"The Counselor","2013","Drama","R",117,33,23,10
"The Count of Monte Cristo","2002","Action & Adventure","PG-13",131,73,88,-15
"The Counterfeiters","2007","Drama","R",99,93,88,5
"The Cove","2009","Documentary","PG-13",94,95,94,1
"The Crazies","2010","Action & Adventure","R",101,70,56,14
"The Croods","2013","Action & Adventure","PG",91,71,77,-6
"The Curious Case of Benjamin Button","2008","Drama","PG-13",167,72,80,-8
"The Current War: Director's Cut","2019","Drama","PG-13",101,61,79,-18
"The Curse of La Llorona","2019","Horror","R",93,28,37,-9
"The D Train","2015","Comedy","R",100,53,23,30
"The DUFF","2015","Comedy","PG-13",96,73,66,7
"The Da Vinci Code","2006","Action & Adventure","PG-13",149,26,57,-31
"The Damned United","2009","Drama","R",97,92,85,7
"The Dancer Upstairs","2002","Drama","R",133,64,76,-12
"The Dangerous Lives of Altar Boys","2002","Drama","R",105,77,79,-2
"The Danish Girl","2015","Drama","R",120,67,72,-5
"The Darjeeling Limited","2007","Action & Adventure","R",91,69,78,-9
"The Dark Knight","2008","Action & Adventure","PG-13",152,94,94,0
"The Dark Knight Rises","2012","Action & Adventure","PG-13",165,87,90,-3
"The Dark Tower","2017","Horror","PG-13",95,16,45,-29
"The Day After Tomorrow","2004","Action & Adventure","PG-13",123,44,50,-6
"The Dead Don't Die","2019","Comedy","R",103,54,38,16
"The Death of Stalin","2018","Comedy","R",107,95,78,17
"The Debt","2011","Drama","R",112,77,66,11
"The Deep Blue Sea","2012","Drama","R",98,80,52,28
"The Deep End","2001","Drama","R",99,82,59,23
"The Departed","2006","Action & Adventure","R",152,91,94,-3
"The Descendants","2011","Comedy","R",115,88,79,9
"The Descent","2006","Horror","R",99,85,76,9
"The Devil Wears Prada","2006","Comedy","PG-13",109,75,76,-1
"The Devil and Daniel Johnston","2006","Documentary","PG-13",110,88,91,-3
"The Devil's Double","2011","Action & Adventure","R",109,54,64,-10
"The Devil's Rejects","2005","Horror","R",109,54,78,-24
"The Diary Of A Teenage Girl","2015","Drama","R",102,95,73,22
"The Dictator","2012","Comedy","R",83,57,44,13
"The Dilemma","2011","Comedy","PG-13",111,25,29,-4
"The Dinner","2017","Drama","R",120,46,16,30
"The Disaster Artist","2017","Comedy","R",103,91,85,6
"The Divergent Series: Allegiant","2016","Action & Adventure","PG-13",121,11,41,-30
"The Diving Bell and the Butterfly","2007","Drama","PG-13",114,94,92,2
"The Dressmaker","2016","Drama","R",113,57,66,-9
"The Drop","2014","Drama","R",107,89,76,13
"The Duchess","2008","Drama","PG-13",109,62,67,-5
"The Duke Of Burgundy","2015","Drama","NR",106,94,65,29
"The Dukes of Hazzard","2005","Action & Adventure","PG-13",105,14,47,-33
"The Eagle","2011","Action & Adventure","PG-13",114,39,41,-2
"The Eagle Huntress","2016","Documentary","G",87,94,86,8
"The East","2013","Action & Adventure","PG-13",116,76,64,12
"The Edge of Seventeen","2016","Comedy","R",105,94,83,11
"The Emoji Movie","2017","Animation","PG",86,7,37,-30
"The Emperor's New Groove","2000","Animation","G",79,85,83,2
"The End Of The Tour","2015","Drama","R",106,92,81,11
"The Endless","2018","Horror","NR",111,92,67,25
"The Exorcism of Emily Rose","2005","Drama","PG-13",118,44,60,-16
"The Expendables","2010","Action & Adventure","R",103,42,64,-22
"The Expendables 2","2012","Action & Adventure","R",103,68,67,1
"The Expendables 3","2014","Action & Adventure","PG-13",127,32,49,-17
"The Express","2008","Drama","PG",129,62,75,-13
"The Fall","2006","Action & Adventure","R",118,61,85,-24
"The Family","2013","Action & Adventure","R",111,28,41,-13
"The Family Man","2000","Comedy","PG-13",125,53,67,-14
"The Family Stone","2005","Comedy","PG-13",104,53,63,-10
"The Farewell","2019","Comedy","PG",100,98,87,11
"The Fast and the Furious","2001","Action & Adventure","PG-13",107,53,74,-21
"The Fast and the Furious: Tokyo Drift","2006","Action & Adventure","PG-13",104,37,69,-32
"The Fate of the Furious","2017","Action & Adventure","PG-13",136,67,72,-5
"The Fault In Our Stars","2014","Comedy","PG-13",126,81,85,-4
"The Favourite","2018","Drama","R",120,93,69,24
"The Fifth Estate","2013","Documentary","R",128,36,36,0
"The Fighter","2010","Drama","R",116,90,89,1
"The Fighting Temptations","2003","Comedy","PG-13",122,42,66,-24
"The Final Year","2018","Documentary","NR",89,84,49,35
"The Finest Hours","2016","Action & Adventure","PG-13",116,63,66,-3
"The First Purge","2018","Horror","R",97,56,27,29
"The Fits","2016","Drama","NR",72,97,54,43
"The Five-Year Engagement","2012","Comedy","R",119,63,51,12
"The Florida Project","2017","Drama","R",115,96,80,16
"The Fog of War: Eleven Lessons from the Life of Robert S. McNamara","2003","Documentary","PG-13",105,96,93,3
"The Forbidden Kingdom","2008","Action & Adventure","PG-13",105,64,60,4
"The Foreigner","2017","Action & Adventure","R",114,65,72,-7
"The Forest","2016","Drama","PG-13",93,10,22,-12
"The Forgotten","2004","Action & Adventure","PG-13",91,32,36,-4
"The Founder","2017","Drama","PG-13",115,80,82,-2
"The Fountain","2006","Drama","PG-13",96,52,74,-22
"The Front Runner","2018","Drama","R",113,60,39,21
"The Future","2011","Comedy","R",91,72,54,18
"The Gallows","2015","Horror","R",81,14,22,-8
"The Game Plan","2007","Comedy","PG",110,28,69,-41
"The Gatekeepers","2013","Documentary","PG-13",96,94,79,15
"The Gentlemen","2020","Action & Adventure","R",113,75,84,-9
"The Ghost Writer","2010","Drama","PG-13",129,84,70,14
"The Gift","2000","Drama","R",110,57,55,2
"The Girl Next Door","2004","Comedy","R",108,56,69,-13
"The Girl With All the Gifts","2017","Drama","R",111,86,67,19
"The Girl in the Spider's Web","2018","Drama","R",117,39,36,3
"The Girl on the Train","2016","Drama","R",112,44,49,-5
"The Girl with the Dragon Tattoo","2011","Drama","R",158,86,86,0
"The Girlfriend Experience","2009","Drama","R",77,67,35,32
"The Giver","2014","Drama","PG-13",97,35,55,-20
"The Glass Castle","2017","Drama","PG-13",127,52,71,-19
"The Golden Compass","2007","Action & Adventure","PG-13",118,42,51,-9
"The Good Dinosaur","2015","Action & Adventure","PG",92,76,65,11
"The Good German","2007","Drama","R",105,34,33,1
"The Good Shepherd","2006","Drama","R",168,55,51,4
"The Goods: Live Hard, Sell Hard","2009","Comedy","R",89,27,37,-10
"The Grand Budapest Hotel","2014","Comedy","R",99,91,86,5
"The Grandmaster","2013","Action & Adventure","PG-13",130,78,58,20
"The Great Beauty","2013","Comedy","NR",142,91,80,11
"The Great Debaters","2007","Drama","PG-13",127,79,86,-7
"The Great Raid","2005","Action & Adventure","R",132,38,70,-32
"The Great Wall","2017","Action & Adventure","PG-13",104,36,42,-6
"The Greatest Game Ever Played","2005","Drama","PG",115,63,82,-19
"The Greatest Showman","2017","Drama","PG",105,56,86,-30
"The Green Hornet","2011","Action & Adventure","PG-13",119,45,43,2
"The Grey","2012","Action & Adventure","R",117,79,61,18
"The Grinch","2018","Animation","PG",86,60,50,10
"The Grudge","2004","Drama","PG-13",90,40,46,-6
"The Guard","2011","Comedy","R",95,94,81,13
"The Guilt Trip","2012","Comedy","PG-13",95,37,39,-2
"The Guilty (Den skyldige)","2018","Drama","R",85,97,88,9
"The Gunman","2015","Action & Adventure","R",115,16,31,-15
"The Hangover","2009","Comedy","R",99,78,84,-6
"The Hangover Part II","2011","Comedy","R",102,33,52,-19
"The Hangover Part III","2013","Comedy","R",100,20,44,-24
"The Happening","2008","Drama","R",89,17,24,-7
"The Happy Prince","2018","Drama","R",105,72,51,21
"The Happytime Murders","2018","Action & Adventure","R",91,23,40,-17
"The Hate U Give","2018","Drama","PG-13",133,97,83,14
"The Haunted Mansion","2003","Comedy","PG",88,14,30,-16
"The Haunting in Connecticut","2009","Horror","PG-13",92,17,45,-28
"The Heartbreak Kid","2007","Comedy","R",118,28,37,-9
"The Heat","2013","Comedy","R",117,66,71,-5
"The Help","2011","Drama","PG-13",146,76,89,-13
"The Hero","2017","Drama","R",96,78,59,19
"The High Note","2020","Drama","PG-13",113,70,73,-3
"The Highwaymen","2019","Drama","R",132,57,73,-16
"The History Boys","2006","Comedy","R",109,66,70,-4
"The Hitcher","2007","Drama","R",90,19,52,-33
"The Hitchhiker's Guide to the Galaxy","2005","Comedy","PG",109,60,65,-5
"The Hitman's Bodyguard","2017","Action & Adventure","R",118,43,67,-24
"The Hoax","2007","Comedy","R",115,86,58,28
"The Hobbit: An Unexpected Journey","2012","Action & Adventure","PG-13",169,64,83,-19
"The Hobbit: The Battle of the Five Armies","2014","Action & Adventure","PG-13",144,59,74,-15
"The Hobbit: The Desolation of Smaug","2013","Action & Adventure","PG-13",160,74,85,-11
"The Holiday","2006","Comedy","PG-13",132,49,80,-31
"The Homesman","2014","Drama","R",122,81,52,29
"The Honeymooners","2005","Comedy","PG",90,13,30,-17
"The Host","2007","Action & Adventure","R",119,93,72,21
"The Hours","2002","Drama","PG-13",114,80,84,-4
"The House Bunny","2008","Comedy","PG-13",97,44,50,-6
"The House That Jack Built","2018","Drama","R",151,59,65,-6
"The House of the Devil","2009","Horror","R",93,85,63,22
"The House with a Clock in Its Walls","2018","Comedy","PG",105,66,45,21
"The Human Stain","2003","Drama","R",106,42,49,-7
"The Hummingbird Project","2019","Comedy","R",111,58,48,10
"The Hundred-Foot Journey","2014","Drama","PG",122,67,81,-14
"The Hunger Games","2012","Drama","PG-13",142,84,81,3
"The Hunger Games: Catching Fire","2013","Action & Adventure","PG-13",146,90,89,1
"The Hunger Games: Mockingjay - Part 1","2014","Action & Adventure","PG-13",123,69,71,-2
"The Hunger Games: Mockingjay - Part 2","2015","Action & Adventure","PG-13",136,69,66,3
"The Hunt","2020","Action & Adventure","R",90,57,66,-9
"The Hunt (Jagten)","2013","Drama","R",110,93,93,0
"The Hunted","2003","Action & Adventure","R",94,29,47,-18
"The Huntsman: Winter's War","2016","Action & Adventure","PG-13",114,19,45,-26
"The Hurt Locker","2009","Action & Adventure","R",127,97,84,13
"The Hustle","2019","Comedy","PG-13",94,13,43,-30
"The Ice Harvest","2005","Action & Adventure","R",88,47,43,4
"The Iceman","2013","Drama","R",105,66,62,4
"The Ides of March","2011","Drama","R",100,84,73,11
"The Illusionist","2006","Drama","PG-13",110,74,83,-9
"The Illusionist (L'illusionniste)","2010","Animation","PG",90,90,79,11
"The Imaginarium of Doctor Parnassus","2009","Action & Adventure","PG-13",122,64,60,4
"The Imitation Game","2014","Drama","PG-13",113,89,91,-2
"The Immigrant","2014","Drama","R",117,85,60,25
"The Impossible","2012","Action & Adventure","PG-13",114,81,84,-3
"The Imposter","2012","Documentary","R",95,95,78,17
"The In-Laws","2003","Comedy","PG-13",98,33,40,-7
"The Incredible Burt Wonderstone","2013","Comedy","PG-13",100,38,33,5
"The Incredible Hulk","2008","Action & Adventure","PG-13",112,67,70,-3
"The Incredibles","2004","Animation","PG",115,97,75,22
"The Infiltrator","2016","Drama","R",127,72,71,1
"The Informant!","2009","Comedy","R",108,79,44,35
"The Informers","2009","Drama","R",98,12,18,-6
"The Innkeepers","2012","Horror","R",101,79,42,37
"The Insult (L'insulte)","2018","Drama","R",113,87,89,-2
"The Intern","2015","Comedy","PG-13",121,60,73,-13
"The International","2009","Drama","R",118,58,37,21
"The Internship","2013","Comedy","PG-13",119,35,51,-16
"The Interpreter","2005","Action & Adventure","PG-13",123,57,54,3
"The Invasion","2007","Horror","PG-13",99,19,40,-21
"The Invention of Lying","2009","Comedy","PG-13",99,56,39,17
"The Invisible Woman","2013","Drama","R",111,75,44,31
"The Irishman","2019","Drama","R",209,96,86,10
"The Jacket","2005","Drama","R",102,44,73,-29
"The Jane Austen Book Club","2007","Comedy","PG-13",106,66,67,-1
"The Joneses","2010","Comedy","R",93,63,47,16
"The Judge","2014","Comedy","R",141,48,72,-24
"The Kid Stays in the Picture","2002","Documentary","R",93,91,80,11
"The Kid Who Would Be King","2019","Action & Adventure","PG",120,89,56,33
"The Kids Are All Right","2010","Comedy","R",104,92,74,18
"The Killer Inside Me","2010","Drama","R",108,55,40,15
"The Killing of a Sacred Deer","2017","Drama","R",121,80,63,17
"The King of Kong: A Fistful of Quarters","2007","Documentary","PG-13",79,97,93,4
"The King of Staten Island","2020","Comedy","R",137,74,85,-11
"The King's Speech","2010","Drama","PG-13",118,94,92,2
"The Kingdom","2007","Action & Adventure","R",110,51,76,-25
"The Kings of Summer","2013","Comedy","R",93,76,77,-1
"The Kitchen","2019","Action & Adventure","R",102,24,69,-45
"The Kite Runner","2007","Drama","PG-13",128,65,84,-19
"The LEGO Movie","2014","Action & Adventure","PG",95,96,87,9
"The LEGO Movie 2: The Second Part","2019","Animation","PG",107,85,68,17
"The Lady In The Van","2015","Drama","PG-13",104,89,64,25
"The Lake House","2006","Drama","PG",99,35,73,-38
"The Last 5 Years","2015","Comedy","PG-13",94,60,57,3
"The Last Airbender","2010","Action & Adventure","PG",103,5,30,-25
"The Last Black Man in San Francisco","2019","Drama","R",121,92,84,8
"The Last Castle","2001","Action & Adventure","R",131,52,74,-22
"The Last Exorcism","2010","Horror","PG-13",90,72,35,37
"The Last House on the Left","2009","Drama","R",110,42,52,-10
"The Last King of Scotland","2006","Drama","R",121,87,89,-2
"The Last Kiss","2006","Comedy","R",104,46,59,-13
"The Last Samurai","2003","Action & Adventure","R",154,66,83,-17
"The Last Song","2010","Drama","PG",108,21,66,-45
"The Last Stand","2013","Action & Adventure","R",106,61,53,8
"The Last Station","2010","Drama","R",110,71,67,4
"The Last Witch Hunter","2015","Action & Adventure","PG-13",106,18,43,-25
"The Laundromat","2019","Comedy","R",96,41,40,1
"The Lazarus Effect","2015","Horror","PG-13",83,16,23,-7
"The League of Extraordinary Gentlemen","2003","Action & Adventure","PG-13",110,17,44,-27
"The Legend of Bagger Vance","2000","Drama","PG-13",126,43,65,-22
"The Legend of Tarzan","2016","Action & Adventure","PG-13",110,36,58,-22
"The Lego Batman Movie","2017","Action & Adventure","PG",106,90,80,10
"The Lego Ninjago Movie","2017","Action & Adventure","PG",101,56,46,10
"The Leisure Seeker","2018","Action & Adventure","R",112,38,56,-18
"The Libertine","2006","Drama","R",114,33,58,-25
"The Life Aquatic with Steve Zissou","2004","Action & Adventure","R",118,56,82,-26
"The Life of David Gale","2003","Drama","R",130,19,81,-62
"The Light Between Oceans","2016","Drama","PG-13",133,61,61,0
"The Lighthouse","2019","Drama","R",110,90,72,18
"The Limits of Control","2009","Drama","R",116,42,43,-1
"The Lincoln Lawyer","2011","Drama","R",119,83,82,1
"The Little Hours","2017","Comedy","R",90,78,49,29
"The Little Stranger","2018","Drama","R",111,65,36,29
"The Lizzie McGuire Movie","2003","Comedy","PG",93,41,49,-8
"The Lobster","2016","Comedy","R",118,87,65,22
"The Lone Ranger","2013","Action & Adventure","PG-13",149,30,51,-21
"The Longest Ride","2015","Drama","PG-13",128,31,71,-40
"The Lookout","2007","Drama","R",99,87,74,13
"The Lord of the Rings: The Fellowship of the Ring","2001","Action & Adventure","PG-13",178,91,95,-4
"The Lord of the Rings: The Return of the King","2003","Action & Adventure","PG-13",200,93,86,7
"The Lord of the Rings: The Two Towers","2002","Action & Adventure","PG-13",179,95,95,0
"The Losers","2010","Action & Adventure","PG-13",97,48,54,-6
"The Lost City of Z","2017","Action & Adventure","PG-13",141,87,57,30
"The Love Guru","2008","Comedy","PG-13",87,14,33,-19
"The Love Witch","2016","Drama","NR",120,95,61,34
"The Lovely Bones","2009","Drama","PG-13",136,32,52,-20
"The Lucky One","2012","Drama","PG-13",101,20,67,-47
"The Lunchbox","2014","Drama","PG",105,97,87,10
"The Machinist","2004","Drama","R",101,77,83,-6
"The Magdalene Sisters","2003","Drama","R",119,91,89,2
"The Majestic","2001","Drama","PG",152,42,60,-18
"The Man","2005","Action & Adventure","PG-13",83,12,41,-29
"The Man From U.N.C.L.E.","2015","Action & Adventure","PG-13",116,67,73,-6
"The Man Who Invented Christmas","2017","Comedy","PG",104,79,77,2
"The Man Who Killed Don Quixote","2019","Action & Adventure","NR",133,64,63,1
"The Man Who Wasn't There","2001","Comedy","R",116,81,85,-4
"The Master","2012","Drama","R",136,85,61,24
"The Master of Disguise","2002","Comedy","PG",80,1,33,-32
"The Matador","2006","Action & Adventure","R",97,75,65,10
"The Maze Runner","2014","Action & Adventure","PG-13",113,65,68,-3
"The Medallion","2003","Action & Adventure","PG-13",88,17,27,-10
"The Meddler","2016","Comedy","PG-13",100,85,56,29
"The Meg","2018","Action & Adventure","PG-13",113,46,42,4
"The Men Who Stare at Goats","2009","Comedy","R",93,50,39,11
"The Messenger","2009","Drama","R",112,90,75,15
"The Mexican","2001","Action & Adventure","R",123,54,44,10
"The Meyerowitz Stories (New and Selected)","2017","Comedy","NR",110,92,72,20
"The Miseducation of Cameron Post","2018","Drama","NR",91,86,76,10
"The Missing","2003","Action & Adventure","R",135,58,50,8
"The Mist","2007","Horror","R",125,72,65,7
"The Monuments Men","2014","Action & Adventure","PG-13",118,30,44,-14
"The Mortal Instruments: City of Bones","2013","Action & Adventure","PG-13",130,13,58,-45
"The Motorcycle Diaries","2004","Drama","R",126,83,92,-9
"The Mountain Between Us","2017","Drama","PG-13",104,38,47,-9
"The Mummy Returns","2001","Action & Adventure","PG-13",129,47,63,-16
"The Mummy: Tomb of the Dragon Emperor","2008","Action & Adventure","PG-13",112,12,30,-18
"The Muppets","2011","Comedy","PG",98,95,80,15
"The Mustang","2019","Drama","R",96,95,74,21
"The Namesake","2006","Drama","PG-13",122,85,79,6
"The Nanny Diaries","2007","Comedy","PG-13",104,34,51,-17
"The Nativity Story","2006","Drama","PG",100,37,76,-39
"The Neon Demon","2016","Horror","R",117,59,51,8
"The New World","2005","Action & Adventure","PG-13",149,63,58,5
"The Next Three Days","2010","Drama","PG-13",133,50,66,-16
"The Nice Guys","2016","Comedy","R",116,92,79,13
"The Night Before","2015","Comedy","R",101,68,61,7
"The Night Listener","2006","Drama","R",91,40,35,5
"The Notorious Bettie Page","2006","Drama","R",90,57,51,6
"The November Man","2014","Action & Adventure","R",108,35,46,-11
"The Nun","2018","Horror","R",96,25,35,-10
"The Nutcracker and the Four Realms","2018","Action & Adventure","PG",99,32,34,-2
"The Odd Life of Timothy Green","2012","Comedy","PG",104,36,67,-31
"The Old Man & the Gun","2018","Drama","PG-13",93,93,62,31
"The Original Kings of Comedy","2000","Comedy","R",115,83,80,3
"The Orphanage","2007","Drama","R",105,87,86,1
"The Other Boleyn Girl","2008","Drama","PG-13",115,43,62,-19
"The Other Guys","2010","Action & Adventure","PG-13",107,78,60,18
"The Others","2001","Horror","PG-13",101,83,77,6
"The Overnight","2015","Comedy","R",78,83,54,29
"The Pacifier","2005","Action & Adventure","PG",95,21,59,-38
"The Painted Veil","2006","Drama","PG-13",125,74,85,-11
"The Paperboy","2012","Drama","R",107,45,33,12
"The Passion of the Christ","2004","Drama","R",126,49,80,-31
"The Patriot","2000","Action & Adventure","R",158,61,81,-20
"The Peanut Butter Falcon","2019","Action & Adventure","PG-13",96,96,96,0
"The Peanuts Movie","2015","Animation","G",89,87,76,11
"The Perfect Man","2005","Comedy","PG",100,6,58,-52
"The Perfect Score","2004","Comedy","PG-13",93,16,44,-28
"The Perfect Storm","2000","Action & Adventure","PG-13",129,47,64,-17
"The Perks of Being a Wallflower","2012","Drama","PG-13",103,86,89,-3
"The Photograph","2020","Comedy","PG-13",106,74,81,-7
"The Pianist","2002","Drama","R",148,95,96,-1
"The Place Beyond The Pines","2013","Drama","R",140,78,75,3
"The Pledge","2001","Drama","R",124,78,59,19
"The Polar Express","2004","Animation","G",100,56,63,-7
"The Post","2018","Drama","PG-13",115,88,73,15
"The Predator","2018","Action & Adventure","R",106,32,33,-1
"The Prestige","2006","Action & Adventure","PG-13",130,76,92,-16
"The Prince & Me","2004","Comedy","PG",110,28,59,-31
"The Princess Diaries","2001","Comedy","G",115,48,68,-20
"The Princess Diaries 2 - Royal Engagement","2004","Comedy","G",113,26,59,-33
"The Princess and the Frog","2009","Animation","G",95,85,74,11
"The Promise","2017","Drama","PG-13",134,51,92,-41
"The Proposal","2009","Comedy","PG-13",108,45,67,-22
"The Proposition","2005","Action & Adventure","R",104,85,85,0
"The Punisher","2004","Action & Adventure","R",124,29,63,-34
"The Purge: Anarchy","2014","Horror","R",103,57,56,1
"The Purge: Election Year","2016","Action & Adventure","R",109,56,48,8
"The Pursuit of Happyness","2006","Drama","PG-13",116,67,87,-20
"The Queen","2006","Drama","PG-13",101,96,76,20
"The Queen of Versailles","2012","Documentary","PG",100,95,73,22
"The Quiet American","2003","Drama","R",101,87,72,15
"The Raid 2","2014","Action & Adventure","R",148,81,87,-6
"The Raid: Redemption","2012","Action & Adventure","R",101,86,87,-1
"The Railway Man","2014","Drama","R",108,66,68,-2
"The Reader","2008","Drama","R",123,63,79,-16
"The Reaping","2007","Horror","R",99,8,49,-41
"The Recruit","2003","Action & Adventure","PG-13",115,43,58,-15
"The Red Turtle (La tortue rouge)","2017","Animation","PG",80,93,80,13
"The Rental","2020","Horror","R",88,75,45,30
"The Replacements","2000","Comedy","PG-13",118,41,66,-25
"The Rhythm Section","2020","Action & Adventure","R",109,28,44,-16
"The Rider","2018","Drama","R",104,97,83,14
"The Ring","2002","Drama","PG-13",115,71,48,23
"The Ring Two","2005","Drama","PG-13",110,20,33,-13
"The Rite","2011","Drama","PG-13",114,21,40,-19
"The Road","2009","Drama","R",110,73,68,5
"The Road to El Dorado","2000","Action & Adventure","PG",89,48,66,-18
"The Rocker","2008","Comedy","PG-13",102,41,46,-5
"The Royal Tenenbaums","2002","Comedy","R",108,80,89,-9
"The Rules of Attraction","2002","Comedy","R",110,43,71,-28
"The Rum Diary","2011","Action & Adventure","R",119,52,36,16
"The Runaways","2010","Comedy","R",105,69,55,14
"The Rundown","2003","Action & Adventure","PG-13",104,69,66,3
"The Saddest Music in the World","2004","Comedy","R",99,79,79,0
"The Santa Clause 2","2002","Comedy","G",104,56,42,14
"The Sapphires","2013","Comedy","PG-13",103,91,76,15
"The Savages","2007","Comedy","R",113,89,74,15
"The Science of Sleep","2006","Comedy","R",105,70,81,-11
"The Score","2001","Action & Adventure","R",123,73,67,6
"The Scorpion King","2002","Action & Adventure","PG-13",91,41,38,3
"The Seagull","2018","Drama","PG-13",98,67,46,21
"The Second Best Exotic Marigold Hotel","2015","Comedy","PG",122,65,59,6
"The Secret Life Of Walter Mitty","2013","Action & Adventure","PG",114,52,71,-19
"The Secret Life of Bees","2008","Action & Adventure","PG-13",110,59,78,-19
"The Secret Life of Pets","2016","Animation","PG",91,73,62,11
"The Secret Life of Pets 2","2019","Animation","PG",86,60,90,-30
"The Secret World of Arrietty","2012","Animation","G",94,95,85,10
"The Sense Of An Ending","2017","Drama","PG-13",108,75,51,24
"The Sentinel","2006","Drama","PG-13",108,35,40,-5
"The September Issue","2009","Documentary","PG-13",90,83,71,12
"The Sessions","2012","Comedy","R",95,91,80,11
"The Shallows","2016","Drama","PG-13",87,78,59,19
"The Shape of Water","2017","Drama","R",123,92,72,20
"The Shipping News","2001","Drama","R",111,55,61,-6
"The Simpsons Movie","2007","Animation","PG-13",86,88,77,11
"The Singing Detective","2003","Comedy","R",109,39,40,-1
"The Sisterhood of the Traveling Pants","2005","Comedy","PG",120,77,78,-1
"The Sisters Brothers","2018","Comedy","R",120,87,68,19
"The Sitter","2011","Comedy","R",81,22,39,-17
"The Skeleton Key","2005","Drama","PG-13",104,38,58,-20
"The Skeleton Twins","2014","Comedy","R",91,87,69,18
"The Smurfs","2011","Action & Adventure","PG",102,21,44,-23
"The Snowman","2017","Drama","R",119,7,18,-11
"The Social Network","2010","Drama","PG-13",120,96,86,10
"The Soloist","2009","Drama","PG-13",117,56,56,0
"The Sorcerer's Apprentice","2010","Action & Adventure","PG",108,40,53,-13
"The Souvenir","2019","Drama","R",119,89,36,53
"The Space Between Us","2017","Action & Adventure","PG-13",120,16,54,-38
"The Spectacular Now","2013","Comedy","R",95,91,76,15
"The Spiderwick Chronicles","2008","Action & Adventure","PG",97,80,63,17
"The Spirit","2008","Action & Adventure","PG-13",102,14,25,-11
"The SpongeBob Movie: Sponge Out of Water","2015","Animation","PG",92,81,54,27
"The SpongeBob SquarePants Movie","2004","Animation","PG",83,68,78,-10
"The Spy Who Dumped Me","2018","Action & Adventure","R",116,49,57,-8
"The Statement","2003","Drama","R",119,23,35,-12
"The Stepford Wives","2004","Comedy","PG-13",93,26,30,-4
"The Strangers","2008","Horror","R",85,48,48,0
"The Strangers: Prey At Night","2018","Horror","R",85,39,35,4
"The Sum of All Fears","2002","Action & Adventure","PG-13",118,60,49,11
"The Sun Is Also a Star","2019","Drama","PG-13",100,51,61,-10
"The Sweetest Thing","2002","Comedy","R",84,27,65,-38
"The Switch","2010","Comedy","PG-13",101,52,44,8
"The Tailor of Panama","2001","Action & Adventure","R",109,77,46,31
"The Taking of Pelham 1 2 3","2009","Action & Adventure","R",106,51,52,-1
"The Tale of Despereaux","2008","Action & Adventure","G",94,57,44,13
"The Terminal","2004","Comedy","PG-13",128,61,74,-13
"The Texas Chainsaw Massacre","2003","Horror","R",95,37,58,-21
"The Theory of Everything","2014","Drama","PG-13",123,80,84,-4
"The Three Burials of Melquiades Estrada","2006","Drama","R",121,85,81,4
"The Three Stooges","2012","Comedy","PG",92,52,47,5
"The Time Traveler's Wife","2009","Drama","PG-13",107,38,59,-21
"The To Do List","2013","Comedy","R",104,55,46,9
"The Tooth Fairy","2010","Comedy","PG",102,17,41,-24
"The Tourist","2010","Action & Adventure","PG-13",99,20,42,-22
"The Town","2010","Action & Adventure","R",124,93,85,8
"The Transporter","2002","Action & Adventure","PG-13",92,54,73,-19
"The Transporter Refueled","2015","Action & Adventure","PG-13",91,16,30,-14
"The Tree of Life","2011","Action & Adventure","PG-13",138,85,60,25
"The Trip To Italy","2014","Comedy","NR",106,87,57,30
"The Trip to Greece","2020","Comedy","NR",112,87,52,35
"The Triplets of Belleville","2003","Animation","PG-13",82,94,90,4
"The Truth About Charlie","2002","Comedy","PG-13",104,33,27,6
"The Tuxedo","2002","Action & Adventure","PG-13",98,21,30,-9
"The Twilight Saga: Breaking Dawn Part 2","2012","Action & Adventure","PG-13",115,49,70,-21
"The Twilight Saga: Eclipse","2010","Drama","PG-13",124,48,60,-12
"The Twilight Saga: New Moon","2009","Horror","PG-13",130,28,61,-33
"The Two Faces of January","2014","Drama","PG-13",97,80,48,32
"The Two Popes","2019","Drama","PG-13",126,89,88,1
"The Ugly Truth","2009","Comedy","R",95,14,60,-46
"The Unborn","2009","Horror","PG-13",88,10,30,-20
"The Unknown Known","2014","Documentary","PG-13",102,82,70,12
"The Upside","2019","Comedy","PG-13",126,42,82,-40
"The Upside of Anger","2005","Comedy","R",121,75,63,12
"The Village","2004","Drama","PG-13",109,43,57,-14
"The Visit","2015","Horror","PG-13",94,68,51,17
"The Visitor","2008","Drama","PG-13",103,89,84,5
"The Vow","2012","Drama","PG-13",104,31,63,-32
"The Wackness","2008","Comedy","R",110,70,72,-2
"The Walk","2015","Action & Adventure","PG",124,83,77,6
"The Wall","2017","Drama","R",90,65,42,23
"The Watch","2012","Comedy","R",101,17,39,-22
"The Water Diviner","2015","Drama","R",112,61,60,1
"The Wave (Bolgen)","2016","Action & Adventure","R",105,83,65,18
"The Way Back","2011","Drama","PG-13",133,74,72,2
"The Way Way Back","2013","Comedy","PG-13",103,84,84,0
"The Way of the Gun","2000","Drama","R",119,45,70,-25
"The Weather Man","2005","Comedy","R",102,59,56,3
"The Wedding Date","2005","Comedy","PG-13",88,11,67,-56
"The Wedding Planner","2001","Comedy","PG-13",102,17,59,-42
"The Wedding Ringer","2015","Comedy","R",101,29,63,-34
"The White Crow","2019","Drama","R",127,66,80,-14
"The Whole Nine Yards","2000","Comedy","R",101,45,64,-19
"The Whole Ten Yards","2003","Action & Adventure","PG-13",99,4,40,-36
"The Wife","2018","Drama","R",100,86,77,9
"The Wild","2006","Action & Adventure","G",85,19,36,-17
"The Wild Parrots of Telegraph Hill","2005","Documentary","G",83,95,85,10
"The Wind Rises","2014","Animation","PG-13",126,88,85,3
"The Wind That Shakes the Barley","2007","Drama","NR",126,90,87,3
"The Witch","2016","Horror","R",92,90,59,31
"The Wolf of Wall Street","2013","Drama","R",179,80,83,-3
"The Wolfman","2010","Horror","R",102,34,33,1
"The Wolfpack","2015","Documentary","R",89,86,68,18
"The Wolverine","2013","Action & Adventure","PG-13",126,71,69,2
"The Woman in Black","2012","Drama","PG-13",95,67,54,13
"The Women","2008","Comedy","PG-13",114,14,38,-24
"The Woodsman","2004","Drama","R",89,88,77,11
"The Words","2012","Drama","PG-13",96,24,49,-25
"The World's End","2013","Comedy","R",109,89,71,18
"The World's Fastest Indian","2005","Action & Adventure","PG-13",127,82,89,-7
"The Wrestler","2008","Drama","R",110,98,88,10
"The Wretched","2020","Horror","NR",95,74,46,28
"The X-Files: I Want to Believe (The X Files 2)","2008","Drama","PG-13",104,31,32,-1
"The Young Victoria","2009","Drama","PG",104,76,74,2
"The Zero Theorem","2014","Drama","R",107,49,43,6
"The Zookeeper's Wife","2017","Drama","PG-13",125,63,76,-13
"Their Finest","2017","Comedy","R",117,90,71,19
"Then She Found Me","2007","Comedy","R",100,50,44,6
"There Will Be Blood","2007","Drama","R",158,92,86,6
"Things We Lost in the Fire","2007","Drama","R",118,65,73,-8
"Think Like a Man","2012","Comedy","PG-13",122,54,79,-25
"Third Person","2014","Drama","R",136,25,34,-9
"Thirteen","2003","Drama","R",100,81,77,4
"Thirteen Days","2000","Drama","PG-13",145,83,80,3
"This Is 40","2012","Comedy","R",134,51,50,1
"This Is Where I Leave You","2014","Comedy","R",103,44,59,-15
"This Is the End","2013","Action & Adventure","R",107,83,71,12
"This Means War","2012","Action & Adventure","PG-13",97,26,56,-30
"Thor","2011","Action & Adventure","PG-13",113,77,76,1
"Thor: Ragnarok","2017","Action & Adventure","PG-13",130,93,87,6
"Thor: The Dark World","2013","Action & Adventure","PG-13",111,66,76,-10
"Thoroughbreds","2018","Drama","R",90,86,67,19
"Three Billboards Outside Ebbing, Missouri","2017","Comedy","R",115,90,87,3
"Three Identical Strangers","2018","Documentary","PG-13",96,97,88,9
"Thunderbirds","2004","Action & Adventure","PG",87,19,36,-17
"Tim Burton's Corpse Bride","2005","Action & Adventure","PG",76,84,77,7
"Tim's Vermeer","2014","Documentary","PG-13",80,89,86,3
"Timeline","2003","Action & Adventure","PG-13",116,11,45,-34
"Tinker Tailor Soldier Spy","2011","Drama","R",127,83,65,18
"Titan A.E.","2000","Animation","PG",95,51,60,-9
"To Rome with Love","2012","Comedy","R",111,46,40,6
"To The Wonder","2013","Drama","R",112,46,37,9
"Tolkien","2019","Drama","PG-13",112,51,71,-20
"Tomb Raider","2018","Action & Adventure","PG-13",118,51,55,-4
"Top Five","2014","Comedy","R",101,85,64,21
"Torque","2004","Action & Adventure","PG-13",81,23,41,-18
"Touching the Void","2004","Documentary","R",107,94,92,2
"Towelhead","2007","Drama","R",128,49,58,-9
"Tower Heist","2011","Action & Adventure","PG-13",105,67,48,19
"Toy Story 3","2010","Animation","G",102,98,89,9
"Toy Story 4","2019","Animation","G",100,97,94,3
"Traffic","2000","Drama","R",147,93,85,8
"Train to Busan (Busanhaeng)","2016","Action & Adventure","NR",118,94,88,6
"Training Day","2001","Action & Adventure","R",120,73,89,-16
"Trainwreck","2015","Comedy","R",125,85,66,19
"Traitor","2008","Drama","PG-13",113,65,64,1
"Transamerica","2006","Comedy","R",103,77,83,-6
"Transcendence","2014","Drama","PG-13",119,19,37,-18
"Transformers","2007","Action & Adventure","PG-13",144,58,85,-27
"Transformers: Age of Extinction","2014","Action & Adventure","PG-13",165,18,50,-32
"Transformers: Dark of the Moon","2011","Action & Adventure","PG-13",154,35,55,-20
"Transformers: Revenge of the Fallen","2009","Action & Adventure","PG-13",149,20,57,-37
"Transformers: The Last Knight","2017","Action & Adventure","PG-13",148,15,43,-28
"Transporter 2","2005","Action & Adventure","PG-13",88,52,58,-6
"Transporter 3","2008","Action & Adventure","PG-13",105,39,49,-10
"Transsiberian","2008","Drama","R",111,91,65,26
"Treasure Planet","2002","Action & Adventure","PG",95,69,72,-3
"Triple 9","2016","Action & Adventure","R",115,54,41,13
"Triple Frontier","2019","Action & Adventure","R",125,70,55,15
"Tristan & Isolde","2006","Drama","PG-13",126,31,71,-40
"Tristram Shandy: A Cock & Bull Story","2005","Comedy","R",94,89,66,23
"Trollhunter","2011","Action & Adventure","PG-13",103,81,72,9
"Trolls","2016","Animation","PG",88,76,67,9
"Trolls World Tour","2020","Animation","PG",91,70,59,11
"Tron Legacy","2010","Action & Adventure","PG",125,51,63,-12
"Tropic Thunder","2008","Comedy","R",107,82,70,12
"Trouble with the Curve","2012","Drama","PG-13",111,51,66,-15
"Troy","2004","Action & Adventure","R",162,54,73,-19
"True History of the Kelly Gang","2020","Drama","R",124,79,41,38
"True Story","2015","Drama","R",104,45,38,7
"Trust the Man","2006","Comedy","R",103,28,35,-7
"Truth","2015","Drama","R",121,63,62,1
"Tuck Everlasting","2002","Drama","PG",90,60,70,-10
"Tucker and Dale vs. Evil","2011","Comedy","R",89,85,84,1
"Turbo","2013","Animation","PG",96,66,65,1
"Turistas (Paradise Lost)","2006","Drama","R",94,18,28,-10
"Tusk","2014","Horror","R",101,45,36,9
"Twisted","2004","Drama","R",96,1,31,-30
"Two Brothers","2004","Action & Adventure","PG",108,78,75,3
"Two Days, One Night","2014","Drama","PG-13",95,97,76,21
"Two Lovers","2008","Drama","R",109,82,59,23
"Two Weeks Notice","2002","Comedy","PG-13",101,42,59,-17
"Two for the Money","2005","Comedy","R",122,22,48,-26
"Tyson","2009","Documentary","R",90,85,79,6
"U-571","2000","Action & Adventure","PG-13",116,68,62,6
"Una","2017","Drama","R",96,76,49,27
"Unbreakable","2000","Drama","PG-13",107,70,77,-7
"Unbroken","2014","Drama","PG-13",137,50,70,-20
"Uncut Gems","2019","Drama","R",135,92,52,40
"Undefeated","2012","Documentary","PG-13",113,96,89,7
"Under the Silver Lake","2019","Comedy","R",139,59,55,4
"Under the Tuscan Sun","2003","Comedy","PG-13",113,62,78,-16
"Undercover Brother","2002","Comedy","PG-13",85,77,64,13
"Undertow","2004","Drama","R",107,55,62,-7
"Underwater","2020","Action & Adventure","PG-13",95,48,60,-12
"Underworld","2003","Action & Adventure","R",121,31,79,-48
"Underworld: Evolution","2006","Action & Adventure","R",105,17,72,-55
"Undisputed","2002","Action & Adventure","R",94,48,47,1
"Unfaithful","2002","Drama","R",124,50,68,-18
"Unfinished Business","2015","Comedy","R",90,10,26,-16
"Unfriended","2015","Horror","R",83,62,36,26
"Unfriended: Dark Web","2018","Horror","R",88,59,38,21
"United 93","2006","Action & Adventure","R",111,90,83,7
"Unknown","2011","Drama","PG-13",113,54,55,-1
"Unleashed","2005","Action & Adventure","R",102,66,75,-9
"Unsane","2018","Drama","R",98,80,58,22
"Unstoppable","2010","Action & Adventure","PG-13",94,87,72,15
"Untraceable","2008","Drama","R",101,16,52,-36
"Up","2009","Action & Adventure","PG",89,98,90,8
"Up in the Air","2009","Comedy","R",109,91,79,12
"Upgrade","2018","Action & Adventure","R",95,88,87,1
"Upstream Color","2013","Drama","NR",96,86,69,17
"Uptown Girls","2003","Comedy","PG-13",93,14,60,-46
"Us","2019","Horror","R",116,93,59,34
"V for Vendetta","2006","Action & Adventure","R",132,73,90,-17
"V/H/S","2012","Horror","R",115,57,41,16
"Vacancy","2007","Horror","R",85,55,42,13
"Vacation","2015","Action & Adventure","R",99,27,45,-18
"Valentine's Day","2010","Comedy","PG-13",119,18,47,-29
"Valerian and the City of a Thousand Planets","2017","Action & Adventure","PG-13",137,48,53,-5
"Valiant","2005","Animation","G",75,32,29,3
"Valkyrie","2008","Drama","PG-13",120,62,65,-3
"Van Helsing","2004","Action & Adventure","PG-13",132,24,57,-33
"Vanilla Sky","2001","Drama","R",134,42,72,-30
"Vanity Fair","2004","Action & Adventure","PG-13",140,49,50,-1
"Vantage Point","2008","Action & Adventure","PG-13",89,34,57,-23
"Venus","2006","Comedy","R",95,88,74,14
"Venus in Fur","2014","Comedy","NR",95,88,71,17
"Vera Drake","2004","Drama","R",125,92,84,8
"Veronica Mars","2014","Comedy","PG-13",107,79,78,1
"Vertical Limit","2000","Action & Adventure","PG-13",126,48,41,7
"Vicky Cristina Barcelona","2008","Comedy","PG-13",96,81,74,7
"Victor Frankenstein","2015","Drama","PG-13",110,26,35,-9
"Victoria","2015","Drama","NR",138,82,83,-1
"Victoria & Abdul","2017","Drama","PG-13",110,65,68,-3
"View from the Top","2003","Comedy","PG-13",87,14,34,-20
"Vivarium","2020","Drama","R",97,72,38,34
"Vox Lux","2018","Drama","R",110,61,37,24
"W.","2008","Drama","PG-13",131,58,42,16
"W.E.","2012","Drama","R",119,12,48,-36
"WALL-E","2008","Action & Adventure","G",97,95,90,5
"Wadjda","2013","Drama","PG",98,99,88,11
"Waiting for Superman","2010","Documentary","PG",102,90,84,6
"Waitress","2007","Comedy","PG-13",107,89,74,15
"Waking Life","2001","Animation","R",99,81,87,-6
"Walk Hard: The Dewey Cox Story","2007","Comedy","R",96,74,57,17
"Walk the Line","2005","Drama","PG-13",136,82,90,-8
"Wall Street: Money Never Sleeps","2010","Drama","PG-13",130,55,44,11
"Waltz with Bashir","2008","Animation","R",90,96,91,5
"Wanderlust","2012","Comedy","R",98,59,39,20
"Wanted","2008","Action & Adventure","R",110,71,69,2
"War Dogs","2016","Comedy","R",114,61,68,-7
"War Horse","2011","Action & Adventure","PG-13",146,75,74,1
"War for the Planet of the Apes","2017","Action & Adventure","PG-13",142,94,84,10
"War of the Worlds","2005","Action & Adventure","PG-13",116,75,42,33
"Warcraft","2016","Action & Adventure","PG-13",123,28,76,-48
"Warm Bodies","2013","Comedy","PG-13",98,81,73,8
"Warrior","2011","Action & Adventure","PG-13",139,83,92,-9
"Watchmen","2009","Action & Adventure","R",163,65,71,-6
"Water for Elephants","2011","Drama","PG-13",121,60,70,-10
"Waves","2019","Drama","R",135,84,81,3
"We Are Marshall","2006","Drama","PG",127,48,79,-31
"We Are Your Friends","2015","Drama","R",96,38,42,-4
"We Are the Best!","2014","Comedy","NR",102,96,77,19
"We Bought a Zoo","2011","Comedy","PG",124,65,71,-6
"We Don't Live Here Anymore","2004","Drama","R",101,65,54,11
"We Need to Talk About Kevin","2012","Drama","R",111,75,78,-3
"We Own the Night","2007","Action & Adventure","R",118,57,61,-4
"We Were Soldiers","2002","Drama","R",137,63,84,-21
"We're The Millers","2013","Comedy","R",110,48,72,-24
"Wedding Crashers","2005","Comedy","R",119,76,70,6
"Weiner","2016","Documentary","R",96,97,83,14
"Welcome to Marwen","2018","Drama","PG-13",116,34,48,-14
"Welcome to Me","2015","Comedy","R",86,73,46,27
"Welcome to Mooseport","2004","Comedy","PG-13",110,13,19,-6
"Wendy and Lucy","2008","Drama","R",80,85,67,18
"West of Memphis","2012","Documentary","R",150,95,87,8
"Whale Rider","2003","Drama","PG-13",101,91,88,3
"What Happens in Vegas","2008","Comedy","PG-13",99,26,65,-39
"What If","2014","Comedy","PG-13",102,74,69,5
"What Just Happened?","2008","Comedy","R",113,50,22,28
"What Lies Beneath","2000","Drama","PG-13",126,46,58,-12
"What Maisie Knew","2013","Drama","R",98,87,80,7
"What Men Want","2019","Comedy","R",117,42,34,8
"What They Had","2018","Drama","R",100,86,83,3
"What We Do In The Shadows","2015","Comedy","R",86,96,86,10
"What a Girl Wants","2003","Comedy","PG",95,35,62,-27
"What to Expect When You're Expecting","2012","Comedy","PG-13",110,22,47,-25
"What's Your Number?","2011","Comedy","R",106,24,44,-20
"Whatever Works","2009","Comedy","PG-13",92,50,61,-11
"When Did You Last See Your Father?","2008","Drama","PG-13",92,72,64,8
"When in Rome","2010","Comedy","PG-13",91,17,41,-24
"Where in the World Is Osama Bin Laden?","2008","Documentary","PG-13",93,37,52,-15
"Where the Truth Lies","2005","Drama","NC17",108,41,46,-5
"Where the Wild Things Are","2009","Action & Adventure","PG",101,73,57,16
"Where to Invade Next","2016","Documentary","R",119,79,77,2
"Where'd You Go, Bernadette","2019","Comedy","PG-13",104,49,74,-25
"While We're Young","2015","Comedy","R",94,84,51,33
"Whip It","2009","Comedy","PG-13",111,84,74,10
"Whiplash","2014","Drama","R",106,94,94,0
"Whiskey Tango Foxtrot","2016","Comedy","R",111,68,55,13
"White Boy Rick","2018","Drama","R",111,58,50,8
"White Chicks","2004","Comedy","PG-13",108,15,55,-40
"White House Down","2013","Action & Adventure","PG-13",131,52,62,-10
"White Noise","2005","Drama","PG-13",98,7,31,-24
"White Oleander","2002","Drama","PG-13",110,68,81,-13
"Whiteout","2009","Action & Adventure","R",101,7,21,-14
"Whitney","2018","Documentary","R",120,87,75,12
"Who Killed the Electric Car?","2006","Documentary","PG",92,89,84,5
"Why Him?","2016","Comedy","R",111,39,51,-12
"Why We Fight","2006","Documentary","PG-13",99,78,88,-10
"Wicker Park","2004","Drama","PG-13",114,27,79,-52
"Widows","2018","Drama","R",128,91,61,30
"Wiener-Dog","2016","Comedy","R",87,74,41,33
"Wild","2014","Drama","R",115,88,75,13
"Wild Hogs","2007","Action & Adventure","PG-13",99,14,61,-47
"Wild Rose","2019","Comedy","R",101,92,87,5
"Wild Tales","2015","Comedy","R",122,94,92,2
"Wildlife","2018","Drama","PG-13",104,93,73,20
"Wilson","2017","Comedy","R",94,47,30,17
"Wimbledon","2004","Comedy","PG-13",97,61,57,4
"Win Win","2011","Comedy","R",106,94,85,9
"Win a Date With Tad Hamilton!","2004","Comedy","PG-13",96,54,47,7
"Winchester","2018","Drama","PG-13",99,13,32,-19
"Wind River","2017","Drama","R",111,88,90,-2
"Windtalkers","2002","Drama","R",134,33,50,-17
"Winged Migration","2003","Documentary","G",91,95,87,8
"Winnie the Pooh","2011","Animation","G",69,91,80,11
"Winter's Bone","2010","Drama","R",99,94,76,18
"Winter's Tale","2014","Drama","PG-13",118,13,43,-30
"Wish I Was Here","2014","Comedy","R",107,47,59,-12
"Without a Paddle","2004","Comedy","PG-13",99,14,68,-54
"Wolf Creek","2005","Action & Adventure","R",95,53,49,4
"Won't Back Down","2012","Drama","PG",121,35,61,-26
"Won't You Be My Neighbor?","2018","Documentary","PG-13",94,97,94,3
"Wonder","2017","Drama","PG",113,85,88,-3
"Wonder Boys","2000","Comedy","R",112,82,83,-1
"Wonder Park","2019","Animation","PG",85,34,44,-10
"Wonder Wheel","2017","Drama","PG-13",101,31,41,-10
"Wonder Woman","2017","Action & Adventure","PG-13",141,93,86,7
"Wonderland","2003","Drama","R",104,34,65,-31
"Wonderstruck","2017","Drama","PG",117,68,55,13
"Wordplay","2006","Documentary","PG",94,94,80,14
"World Trade Center","2006","Drama","PG-13",129,67,60,7
"World War Z","2013","Action & Adventure","PG-13",115,66,72,-6
"World's Greatest Dad","2009","Comedy","R",99,88,67,21
"Wrath of the Titans","2012","Action & Adventure","PG-13",99,27,49,-22
"Wreck-it Ralph","2012","Animation","PG",101,87,86,1
"X-Men","2000","Action & Adventure","PG-13",104,81,83,-2
"X-Men Origins - Wolverine","2009","Action & Adventure","PG-13",108,37,58,-21
"X-Men: Apocalypse","2016","Action & Adventure","PG-13",143,47,65,-18
"X-Men: Days of Future Past","2014","Action & Adventure","PG-13",131,90,91,-1
"X-Men: First Class","2011","Action & Adventure","PG-13",126,86,87,-1
"X-Men: The Last Stand","2006","Action & Adventure","PG-13",105,57,61,-4
"X2: X-Men United","2003","Action & Adventure","PG-13",134,85,85,0
"XXX","2002","Action & Adventure","PG-13",124,48,58,-10
"Year One","2009","Action & Adventure","PG-13",97,14,23,-9
"Yes Man","2008","Comedy","PG-13",104,46,66,-20
"Yes, God, Yes","2020","Drama","R",78,94,68,26
"Yesterday","2019","Comedy","PG-13",116,63,89,-26
"Yogi Bear","2010","Action & Adventure","PG",80,13,34,-21
"You Can Count On Me","2000","Drama","R",109,95,88,7
"You Don't Mess With the Zohan","2008","Comedy","PG-13",113,38,45,-7
"You Kill Me","2007","Comedy","R",92,78,59,19
"You Were Never Really Here","2018","Drama","R",90,89,65,24
"You Will Meet a Tall Dark Stranger","2010","Comedy","R",98,46,33,13
"You're Next","2013","Drama","R",94,78,60,18
"You, Me and Dupree","2006","Comedy","PG-13",109,20,50,-30
"Young Adult","2011","Comedy","R",94,80,49,31
"Your Highness","2011","Comedy","R",102,28,34,-6
"Your Name. (Kimi No Na Wa.)","2017","Animation","PG",106,98,94,4
"Your Sister's Sister","2012","Comedy","R",90,83,66,17
"Yours, Mine & Ours","2005","Comedy","PG",88,6,51,-45
"Youth","2015","Comedy","R",118,72,69,3
"Youth Without Youth","2007","Drama","R",125,32,44,-12
"Youth in Revolt","2010","Comedy","R",90,66,52,14
"Zack and Miri Make a Porno","2008","Comedy","R",101,66,66,0
"Zathura: A Space Adventure","2005","Action & Adventure","PG",101,76,51,25
"Zatôichi (The Blind Swordsman: Zatoichi)","2003","Action & Adventure","R",115,87,88,-1
"Zero Dark Thirty","2013","Drama","R",157,91,80,11
"Zombieland","2009","Comedy","R",87,89,86,3
"Zombieland: Double Tap","2019","Action & Adventure","R",99,68,88,-20
"Zookeeper","2011","Comedy","PG",101,14,41,-27
"Zoolander","2001","Comedy","PG-13",89,64,80,-16
"Zoolander 2","2016","Comedy","PG-13",102,22,20,2
"Zootopia","2016","Action & Adventure","PG",108,98,92,6
"mother!","2017","Drama","R",120,68,51,17
"xXx: Return of Xander Cage","2017","Action & Adventure","PG-13",102,45,37,8
"xXx: State of the Union","2005","Action & Adventure","R",100,17,32,-15
